salsify:id,salsify:name,salsify:attribute_id,salsify:parent_id
Accessories,Accessories,iphCategory,""
Accessories > Baby_and_Kids,Baby_and_Kids,iphCategory,Accessories
Accessories > Baby_and_Kids > Babies_Hair_Accessories,Babies_Hair_Accessories,iphCategory,Accessories > Baby_and_Kids
Accessories > Baby_and_Kids > Baby_Hats,Baby_Hats,iphCategory,Accessories > Baby_and_Kids
Accessories > Baby_and_Kids > Cold_Weather_Sets,Cold_Weather_Sets,iphCategory,Accessories > Baby_and_Kids
Accessories > Baby_and_Kids > Jewelry_and_Watches,Jewelry_and_Watches,iphCategory,Accessories > Baby_and_Kids
Accessories > Baby_and_Kids > Socks_and_Tights,Socks_and_Tights,iphCategory,Accessories > Baby_and_Kids
Accessories > Baby_and_Kids > Sunglasses,Sunglasses,iphCategory,Accessories > Baby_and_Kids
Accessories > Baby_Keepsakes_and_Gifts,Baby_Keepsakes_and_Gifts,iphCategory,Accessories
Accessories > Boys,Boys,iphCategory,Accessories
Accessories > Boys > Backpacks_and_Messenger_Bags,Backpacks_and_Messenger_Bags,iphCategory,Accessories > Boys
Accessories > Boys > Belts,Belts,iphCategory,Accessories > Boys
Accessories > Boys > Gloves,Gloves,iphCategory,Accessories > Boys
Accessories > Boys > Hats,Hats,iphCategory,Accessories > Boys
Accessories > Boys > Scarves,Scarves,iphCategory,Accessories > Boys
Accessories > Boys > Socks,Socks,iphCategory,Accessories > Boys
Accessories > Boys > Tie_and_Suspender_Set,Tie_and_Suspender_Set,iphCategory,Accessories > Boys
Accessories > Boys > Ties,Ties,iphCategory,Accessories > Boys
Accessories > Desk_Accessories,Desk_Accessories,iphCategory,Accessories
Accessories > Girls,Girls,iphCategory,Accessories
Accessories > Girls > Belts,Belts,iphCategory,Accessories > Girls
Accessories > Girls > Gloves,Gloves,iphCategory,Accessories > Girls
Accessories > Girls > Hair_Accessories,Hair_Accessories,iphCategory,Accessories > Girls
Accessories > Girls > Hats,Hats,iphCategory,Accessories > Girls
Accessories > Girls > Purses_and_Backpacks,Purses_and_Backpacks,iphCategory,Accessories > Girls
Accessories > Girls > Scarves,Scarves,iphCategory,Accessories > Girls
Accessories > Girls > Socks,Socks,iphCategory,Accessories > Girls
Accessories > Girls > Tights,Tights,iphCategory,Accessories > Girls
Accessories > Glasses,Glasses,iphCategory,Accessories
Accessories > Glasses > Reading_Glasses,Reading_Glasses,iphCategory,Accessories > Glasses
Accessories > Glasses > Sunglasses,Sunglasses,iphCategory,Accessories > Glasses
Accessories > Jewelry,Jewelry,iphCategory,Accessories
Accessories > Jewelry > Accessories_and_Care,Accessories_and_Care,iphCategory,Accessories > Jewelry
Accessories > Jewelry > Beads_and_Charms,Beads_and_Charms,iphCategory,Accessories > Jewelry
Accessories > Jewelry > Bracelets,Bracelets,iphCategory,Accessories > Jewelry
Accessories > Jewelry > Cufflinks,Cufflinks,iphCategory,Accessories > Jewelry
Accessories > Jewelry > Earrings,Earrings,iphCategory,Accessories > Jewelry
Accessories > Jewelry > Jewelry_Boxes_and_Storage,Jewelry_Boxes_and_Storage,iphCategory,Accessories > Jewelry
Accessories > Jewelry > Money_Clips,Money_Clips,iphCategory,Accessories > Jewelry
Accessories > Jewelry > Necklaces,Necklaces,iphCategory,Accessories > Jewelry
Accessories > Jewelry > Pins_and_Brooches,Pins_and_Brooches,iphCategory,Accessories > Jewelry
Accessories > Jewelry > Rings,Rings,iphCategory,Accessories > Jewelry
Accessories > Jewelry > Sets,Sets,iphCategory,Accessories > Jewelry
Accessories > Jewelry > Tie_Bars,Tie_Bars,iphCategory,Accessories > Jewelry
Accessories > Jewelry > Watches,Watches,iphCategory,Accessories > Jewelry
Accessories > Jewelry > Watches > Watch_Accessories,Watch_Accessories,iphCategory,Accessories > Jewelry > Watches
Accessories > Luggage,Luggage,iphCategory,Accessories
Accessories > Luggage > Baby_and_Kids,Baby_and_Kids,iphCategory,Accessories > Luggage
Accessories > Luggage > Backpacks,Backpacks,iphCategory,Accessories > Luggage
Accessories > Luggage > Briefcases,Briefcases,iphCategory,Accessories > Luggage
Accessories > Luggage > Carry_On,Carry_On,iphCategory,Accessories > Luggage
Accessories > Luggage > Garment,Garment,iphCategory,Accessories > Luggage
Accessories > Luggage > Gym_and_Duffle,Gym_and_Duffle,iphCategory,Accessories > Luggage
Accessories > Luggage > Large_Luggage,Large_Luggage,iphCategory,Accessories > Luggage
Accessories > Luggage > Luggage_Sets,Luggage_Sets,iphCategory,Accessories > Luggage
Accessories > Luggage > Messenger_Bags,Messenger_Bags,iphCategory,Accessories > Luggage
Accessories > Luggage > Travel_Accessories,Travel_Accessories,iphCategory,Accessories > Luggage
Accessories > Luggage > Travel_Accessories,Travel_Accessories,iphCategory,Accessories > Luggage
Accessories > Luggage > Travel_Accessories,Travel_Accessories,iphCategory,Accessories > Luggage
Accessories > Luggage > Travel_Accessories,Travel_Accessories,iphCategory,Accessories > Luggage
Accessories > Luggage > Travel_Accessories,Travel_Accessories,iphCategory,Accessories > Luggage
Accessories > Luggage > Travel_Accessories > Luggage_Locks,Luggage_Locks,iphCategory,Accessories > Luggage > Travel_Accessories
Accessories > Luggage > Travel_Accessories > Luggage_Scales,Luggage_Scales,iphCategory,Accessories > Luggage > Travel_Accessories
Accessories > Men,Men,iphCategory,Accessories
Accessories > Men > Bags,Bags,iphCategory,Accessories > Men
Accessories > Men > Bags > Backpacks,Backpacks,iphCategory,Accessories > Men > Bags
Accessories > Men > Bags > Briefcases_and_Laptop_Bags,Briefcases_and_Laptop_Bags,iphCategory,Accessories > Men > Bags
Accessories > Men > Bags > Messenger_Bags,Messenger_Bags,iphCategory,Accessories > Men > Bags
Accessories > Men > Belts_and_Suspenders,Belts_and_Suspenders,iphCategory,Accessories > Men
Accessories > Men > Belts_and_Suspenders > Belt_and_Suspender_Set,Belt_and_Suspender_Set,iphCategory,Accessories > Men > Belts_and_Suspenders
Accessories > Men > Belts_and_Suspenders > Belts,Belts,iphCategory,Accessories > Men > Belts_and_Suspenders
Accessories > Men > Belts_and_Suspenders > Suspenders,Suspenders,iphCategory,Accessories > Men > Belts_and_Suspenders
Accessories > Men > Gifts,Gifts,iphCategory,Accessories > Men
Accessories > Men > Gloves,Gloves,iphCategory,Accessories > Men
Accessories > Men > Hats,Hats,iphCategory,Accessories > Men
Accessories > Men > Scarves,Scarves,iphCategory,Accessories > Men
Accessories > Men > Socks,Socks,iphCategory,Accessories > Men
Accessories > Men > Sport_Accessories,Sport_Accessories,iphCategory,Accessories > Men
Accessories > Men > Ties_and_Pocket_Squares,Ties_and_Pocket_Squares,iphCategory,Accessories > Men
Accessories > Men > Ties_and_Pocket_Squares > Pocket_Squares_and_Handkerchiefs,Pocket_Squares_and_Handkerchiefs,iphCategory,Accessories > Men > Ties_and_Pocket_Squares
Accessories > Men > Ties_and_Pocket_Squares > Tie_and_Pocket_Square_Sets,Tie_and_Pocket_Square_Sets,iphCategory,Accessories > Men > Ties_and_Pocket_Squares
Accessories > Men > Ties_and_Pocket_Squares > Tie_and_Suspender_Set,Tie_and_Suspender_Set,iphCategory,Accessories > Men > Ties_and_Pocket_Squares
Accessories > Men > Ties_and_Pocket_Squares > Ties,Ties,iphCategory,Accessories > Men > Ties_and_Pocket_Squares
Accessories > Men > Ties_and_Pocket_Squares > Ties > Bow_Ties,Bow_Ties,iphCategory,Accessories > Men > Ties_and_Pocket_Squares > Ties
Accessories > Men > Ties_and_Pocket_Squares > Ties > Neckties,Neckties,iphCategory,Accessories > Men > Ties_and_Pocket_Squares > Ties
Accessories > Phone_Cases,Phone_Cases,iphCategory,Accessories
Accessories > Shoe_Accessories,Shoe_Accessories,iphCategory,Accessories
Accessories > Shoe_Accessories > Arches,Arches,iphCategory,Accessories > Shoe_Accessories
Accessories > Shoe_Accessories > Foot_Pads,Foot_Pads,iphCategory,Accessories > Shoe_Accessories
Accessories > Shoe_Accessories > Insoles,Insoles,iphCategory,Accessories > Shoe_Accessories
Accessories > Shoe_Accessories > Shoe_Care,Shoe_Care,iphCategory,Accessories > Shoe_Accessories
Accessories > Shoe_Accessories > Weatherproofing,Weatherproofing,iphCategory,Accessories > Shoe_Accessories
Accessories > Small_Accessories,Small_Accessories,iphCategory,Accessories
Accessories > Umbrellas,Umbrellas,iphCategory,Accessories
Accessories > Wallets,Wallets,iphCategory,Accessories
Accessories > Wallets >,Wallets >,iphCategory,Accessories
Accessories > Wallets > Bifold,Bifold,iphCategory,Accessories > Wallets
Accessories > Wallets > Card_and_Coin,Card_and_Coin,iphCategory,Accessories > Wallets
Accessories > Wallets > Card_Case,Card_Case,iphCategory,Accessories > Wallets
Accessories > Wallets > Checkbook,Checkbook,iphCategory,Accessories > Wallets
Accessories > Wallets > Passcase,Passcase,iphCategory,Accessories > Wallets
Accessories > Wallets > Trifold,Trifold,iphCategory,Accessories > Wallets
Accessories > Wallets > Wristlets,Wristlets,iphCategory,Accessories > Wallets
Accessories > Women,Women,iphCategory,Accessories
Accessories > Women > Belts,Belts,iphCategory,Accessories > Women
Accessories > Women > Ear_Warmers_and_Muffs,Ear_Warmers_and_Muffs,iphCategory,Accessories > Women
Accessories > Women > Gloves,Gloves,iphCategory,Accessories > Women
Accessories > Women > Hair_Accessories,Hair_Accessories,iphCategory,Accessories > Women
Accessories > Women > Handbags,Handbags,iphCategory,Accessories > Women
Accessories > Women > Handbags > Backpacks,Backpacks,iphCategory,Accessories > Women > Handbags
Accessories > Women > Handbags > Briefcases_and_Laptop_Bags,Briefcases_and_Laptop_Bags,iphCategory,Accessories > Women > Handbags
Accessories > Women > Handbags > Clutches_and_Evening,Clutches_and_Evening,iphCategory,Accessories > Women > Handbags
Accessories > Women > Handbags > Crossbody,Crossbody,iphCategory,Accessories > Women > Handbags
Accessories > Women > Handbags > Diaper_Bags,Diaper_Bags,iphCategory,Accessories > Women > Handbags
Accessories > Women > Handbags > Hobos,Hobos,iphCategory,Accessories > Women > Handbags
Accessories > Women > Handbags > Minibags,Minibags,iphCategory,Accessories > Women > Handbags
Accessories > Women > Handbags > Satchels,Satchels,iphCategory,Accessories > Women > Handbags
Accessories > Women > Handbags > Shoulder,Shoulder,iphCategory,Accessories > Women > Handbags
Accessories > Women > Handbags > Totes_and_Shoppers,Totes_and_Shoppers,iphCategory,Accessories > Women > Handbags
Accessories > Women > Hats,Hats,iphCategory,Accessories > Women
Accessories > Women > Hosiery_and_Socks,Hosiery_and_Socks,iphCategory,Accessories > Women
Accessories > Women > Hosiery_and_Socks > Socks,Socks,iphCategory,Accessories > Women > Hosiery_and_Socks
Accessories > Women > Hosiery_and_Socks > Tights_and_Pantyhose,Tights_and_Pantyhose,iphCategory,Accessories > Women > Hosiery_and_Socks
Accessories > Women > Keychains,Keychains,iphCategory,Accessories > Women
Accessories > Women > Lingerie_Accessories,Lingerie_Accessories,iphCategory,Accessories > Women
Accessories > Women > Scarves_and_Wraps,Scarves_and_Wraps,iphCategory,Accessories > Women
Baby_and_Kids,Baby_and_Kids,iphCategory,""
Baby_and_Kids > Babies,Babies,iphCategory,Baby_and_Kids
Baby_and_Kids > Babies > Babies_Shoes,Babies_Shoes,iphCategory,Baby_and_Kids > Babies
Baby_and_Kids > Babies > Baby_Gear,Baby_Gear,iphCategory,Baby_and_Kids > Babies
Baby_and_Kids > Babies > Baby_Gear > Baby_Bath,Baby_Bath,iphCategory,Baby_and_Kids > Babies > Baby_Gear
Baby_and_Kids > Babies > Baby_Gear > Baby_Feeding,Baby_Feeding,iphCategory,Baby_and_Kids > Babies > Baby_Gear
Baby_and_Kids > Babies > Baby_Gear > Baby_Feeding > Bottles_and_Sterilizers,Bottles_and_Sterilizers,iphCategory,Baby_and_Kids > Babies > Baby_Gear > Baby_Feeding
Baby_and_Kids > Babies > Baby_Gear > Baby_Feeding > Bottles_and_Sterilizers,Bottles_and_Sterilizers,iphCategory,Baby_and_Kids > Babies > Baby_Gear > Baby_Feeding
Baby_and_Kids > Babies > Baby_Gear > Baby_Feeding > Breast_Pumps,Breast_Pumps,iphCategory,Baby_and_Kids > Babies > Baby_Gear > Baby_Feeding
Baby_and_Kids > Babies > Baby_Gear > Baby_Feeding > Breast_Pumps,Breast_Pumps,iphCategory,Baby_and_Kids > Babies > Baby_Gear > Baby_Feeding
Baby_and_Kids > Babies > Baby_Gear > Baby_Feeding > Nursing_Covers,Nursing_Covers,iphCategory,Baby_and_Kids > Babies > Baby_Gear > Baby_Feeding
Baby_and_Kids > Babies > Baby_Gear > Bassinets,Bassinets,iphCategory,Baby_and_Kids > Babies > Baby_Gear
Baby_and_Kids > Babies > Baby_Gear > Bibs_and_Burp_Cloths,Bibs_and_Burp_Cloths,iphCategory,Baby_and_Kids > Babies > Baby_Gear
Baby_and_Kids > Babies > Baby_Gear > Car_Seats,Car_Seats,iphCategory,Baby_and_Kids > Babies > Baby_Gear
Baby_and_Kids > Babies > Baby_Gear > Cribs,Cribs,iphCategory,Baby_and_Kids > Babies > Baby_Gear
Baby_and_Kids > Babies > Baby_Gear > High_Chair_and_Boosters,High_Chair_and_Boosters,iphCategory,Baby_and_Kids > Babies > Baby_Gear
Baby_and_Kids > Babies > Baby_Gear > Layette_Sets,Layette_Sets,iphCategory,Baby_and_Kids > Babies > Baby_Gear
Baby_and_Kids > Babies > Baby_Gear > Pacifier_and_Clips,Pacifier_and_Clips,iphCategory,Baby_and_Kids > Babies > Baby_Gear
Baby_and_Kids > Babies > Baby_Gear > Playards,Playards,iphCategory,Baby_and_Kids > Babies > Baby_Gear
Baby_and_Kids > Babies > Baby_Gear > Strollers,Strollers,iphCategory,Baby_and_Kids > Babies > Baby_Gear
Baby_and_Kids > Babies > Baby_Gear > Swings,Swings,iphCategory,Baby_and_Kids > Babies > Baby_Gear
Baby_and_Kids > Babies > Baby_Gear > Travel_Systems,Travel_Systems,iphCategory,Baby_and_Kids > Babies > Baby_Gear
Baby_and_Kids > Babies > Boys,Boys,iphCategory,Baby_and_Kids > Babies
Baby_and_Kids > Babies > Boys >,Boys >,iphCategory,Baby_and_Kids > Babies
Baby_and_Kids > Babies > Boys > Bottoms,Bottoms,iphCategory,Baby_and_Kids > Babies > Boys
Baby_and_Kids > Babies > Boys > Coats,Coats,iphCategory,Baby_and_Kids > Babies > Boys
Baby_and_Kids > Babies > Boys > Hoodies_and_Fleeces,Hoodies_and_Fleeces,iphCategory,Baby_and_Kids > Babies > Boys
Baby_and_Kids > Babies > Boys > OnePieces,OnePieces,iphCategory,Baby_and_Kids > Babies > Boys
Baby_and_Kids > Babies > Boys > Sets,Sets,iphCategory,Baby_and_Kids > Babies > Boys
Baby_and_Kids > Babies > Boys > Sleepwear,Sleepwear,iphCategory,Baby_and_Kids > Babies > Boys
Baby_and_Kids > Babies > Boys > Sweaters,Sweaters,iphCategory,Baby_and_Kids > Babies > Boys
Baby_and_Kids > Babies > Boys > Swimwear,Swimwear,iphCategory,Baby_and_Kids > Babies > Boys
Baby_and_Kids > Babies > Boys > Tops_and_Tees,Tops_and_Tees,iphCategory,Baby_and_Kids > Babies > Boys
Baby_and_Kids > Babies > Girls >,Girls >,iphCategory,Baby_and_Kids > Babies
Baby_and_Kids > Babies > Girls > Bottoms,Bottoms,iphCategory,Baby_and_Kids > Babies > Girls
Baby_and_Kids > Babies > Girls > Coats,Coats,iphCategory,Baby_and_Kids > Babies > Girls
Baby_and_Kids > Babies > Girls > Dresses,Dresses,iphCategory,Baby_and_Kids > Babies > Girls
Baby_and_Kids > Babies > Girls > Hoodies_and_Fleeces,Hoodies_and_Fleeces,iphCategory,Baby_and_Kids > Babies > Girls
Baby_and_Kids > Babies > Girls > OnePieces,OnePieces,iphCategory,Baby_and_Kids > Babies > Girls
Baby_and_Kids > Babies > Girls > Sets,Sets,iphCategory,Baby_and_Kids > Babies > Girls
Baby_and_Kids > Babies > Girls > Sleepwear,Sleepwear,iphCategory,Baby_and_Kids > Babies > Girls
Baby_and_Kids > Babies > Girls > Sweaters,Sweaters,iphCategory,Baby_and_Kids > Babies > Girls
Baby_and_Kids > Babies > Girls > Swimwear,Swimwear,iphCategory,Baby_and_Kids > Babies > Girls
Baby_and_Kids > Babies > Girls > Tops_and_Tees,Tops_and_Tees,iphCategory,Baby_and_Kids > Babies > Girls
Baby_and_Kids > Babies > Nursery >,Nursery >,iphCategory,Baby_and_Kids > Babies
Baby_and_Kids > Babies > Nursery > Bedding,Bedding,iphCategory,Baby_and_Kids > Babies > Nursery
Baby_and_Kids > Babies > Nursery > Bedding > Blankets,Blankets,iphCategory,Baby_and_Kids > Babies > Nursery > Bedding
Baby_and_Kids > Babies > Nursery > Bedding > Bumpers,Bumpers,iphCategory,Baby_and_Kids > Babies > Nursery > Bedding
Baby_and_Kids > Babies > Nursery > Bedding > Crib_Sheets,Crib_Sheets,iphCategory,Baby_and_Kids > Babies > Nursery > Bedding
Baby_and_Kids > Babies > Nursery > Bedding > Mattress_Pads_and_Covers,Mattress_Pads_and_Covers,iphCategory,Baby_and_Kids > Babies > Nursery > Bedding
Baby_and_Kids > Babies > Nursery > Bedding > Rail_Cover_and_Crib_Liners,Rail_Cover_and_Crib_Liners,iphCategory,Baby_and_Kids > Babies > Nursery > Bedding
Baby_and_Kids > Babies > Nursery > Dcor,Dcor,iphCategory,Baby_and_Kids > Babies > Nursery
Baby_and_Kids > Babies > Nursery > Dcor > Mobiles,Mobiles,iphCategory,Baby_and_Kids > Babies > Nursery > Dcor
Baby_and_Kids > Babies > Nursery > Mobiles,Mobiles,iphCategory,Baby_and_Kids > Babies > Nursery
Baby_and_Kids > Babies > Nursery > Nursery_Sets,Nursery_Sets,iphCategory,Baby_and_Kids > Babies > Nursery
Baby_and_Kids > Babies > Nursery > Storage,Storage,iphCategory,Baby_and_Kids > Babies > Nursery
Baby_and_Kids > Boys,Boys,iphCategory,Baby_and_Kids
Baby_and_Kids > Boys > Bottoms,Bottoms,iphCategory,Baby_and_Kids > Boys
Baby_and_Kids > Boys > Bottoms,Bottoms,iphCategory,Baby_and_Kids > Boys
Baby_and_Kids > Boys > Bottoms > Jeans,Jeans,iphCategory,Baby_and_Kids > Boys > Bottoms
Baby_and_Kids > Boys > Bottoms > Pants,Pants,iphCategory,Baby_and_Kids > Boys > Bottoms
Baby_and_Kids > Boys > Bottoms > Shorts,Shorts,iphCategory,Baby_and_Kids > Boys > Bottoms
Baby_and_Kids > Boys > Coats_and_Jackets,Coats_and_Jackets,iphCategory,Baby_and_Kids > Boys
Baby_and_Kids > Boys > Hoodies_and_Fleeces,Hoodies_and_Fleeces,iphCategory,Baby_and_Kids > Boys
Baby_and_Kids > Boys > Pajamas,Pajamas,iphCategory,Baby_and_Kids > Boys
Baby_and_Kids > Boys > Sets,Sets,iphCategory,Baby_and_Kids > Boys
Baby_and_Kids > Boys > Shirts_and_Tees,Shirts_and_Tees,iphCategory,Baby_and_Kids > Boys
Baby_and_Kids > Boys > Sweaters,Sweaters,iphCategory,Baby_and_Kids > Boys
Baby_and_Kids > Boys > Swimwear,Swimwear,iphCategory,Baby_and_Kids > Boys
Baby_and_Kids > Boys > Underwear,Underwear,iphCategory,Baby_and_Kids > Boys
Baby_and_Kids > Girls,Girls,iphCategory,Baby_and_Kids
Baby_and_Kids > Girls > Bottoms,Bottoms,iphCategory,Baby_and_Kids > Girls
Baby_and_Kids > Girls > Bottoms > Jeans,Jeans,iphCategory,Baby_and_Kids > Girls > Bottoms
Baby_and_Kids > Girls > Bottoms > Pants,Pants,iphCategory,Baby_and_Kids > Girls > Bottoms
Baby_and_Kids > Girls > Bottoms > Shorts,Shorts,iphCategory,Baby_and_Kids > Girls > Bottoms
Baby_and_Kids > Girls > Bottoms > Skirts,Skirts,iphCategory,Baby_and_Kids > Girls > Bottoms
Baby_and_Kids > Girls > Coats_and_Jackets,Coats_and_Jackets,iphCategory,Baby_and_Kids > Girls
Baby_and_Kids > Girls > Dresses,Dresses,iphCategory,Baby_and_Kids > Girls
Baby_and_Kids > Girls > Hoddies_and_Fleece,Hoddies_and_Fleece,iphCategory,Baby_and_Kids > Girls
Baby_and_Kids > Girls > Leotards_and_Biketards,Leotards_and_Biketards,iphCategory,Baby_and_Kids > Girls
Baby_and_Kids > Girls > Pajamas,Pajamas,iphCategory,Baby_and_Kids > Girls
Baby_and_Kids > Girls > Rompers,Rompers,iphCategory,Baby_and_Kids > Girls
Baby_and_Kids > Girls > Sets,Sets,iphCategory,Baby_and_Kids > Girls
Baby_and_Kids > Girls > Shirts_and_Tees,Shirts_and_Tees,iphCategory,Baby_and_Kids > Girls
Baby_and_Kids > Girls > Sweaters,Sweaters,iphCategory,Baby_and_Kids > Girls
Baby_and_Kids > Girls > Swimwear,Swimwear,iphCategory,Baby_and_Kids > Girls
Baby_and_Kids > Girls > Underwear,Underwear,iphCategory,Baby_and_Kids > Girls
Baby_and_Kids > Toys,Toys,iphCategory,Baby_and_Kids
Baby_and_Kids > Toys > Arts_and_Crafts,Arts_and_Crafts,iphCategory,Baby_and_Kids > Toys
Baby_and_Kids > Toys > Blocks_Building_Sets,Blocks_Building_Sets,iphCategory,Baby_and_Kids > Toys
Baby_and_Kids > Toys > Books,Books,iphCategory,Baby_and_Kids > Toys
Baby_and_Kids > Toys > Dolls,Dolls,iphCategory,Baby_and_Kids > Toys
Baby_and_Kids > Toys > Games_and_Puzzles,Games_and_Puzzles,iphCategory,Baby_and_Kids > Toys
Baby_and_Kids > Toys > Learning_Toys,Learning_Toys,iphCategory,Baby_and_Kids > Toys
Baby_and_Kids > Toys > Plush_Toys,Plush_Toys,iphCategory,Baby_and_Kids > Toys
Baby_and_Kids > Toys > Pretend_Play,Pretend_Play,iphCategory,Baby_and_Kids > Toys
Baby_and_Kids > Toys > Toy_Storage,Toy_Storage,iphCategory,Baby_and_Kids > Toys
Baby_and_Kids > Toys > Vehicles,Vehicles,iphCategory,Baby_and_Kids > Toys
Beauty,Beauty,iphCategory,""
Beauty > Bath_and_Body,Bath_and_Body,iphCategory,Beauty
Beauty > Bath_and_Body > Bath_Salts,Bath_Salts,iphCategory,Beauty > Bath_and_Body
Beauty > Bath_and_Body > Bubble_Bath,Bubble_Bath,iphCategory,Beauty > Bath_and_Body
Beauty > Bath_and_Body > Foot_Care,Foot_Care,iphCategory,Beauty > Bath_and_Body
Beauty > Bath_and_Body > Gift_and_Value_Sets,Gift_and_Value_Sets,iphCategory,Beauty > Bath_and_Body
Beauty > Bath_and_Body > Hand_and_Nail_Care,Hand_and_Nail_Care,iphCategory,Beauty > Bath_and_Body
Beauty > Bath_and_Body > Moisturizers,Moisturizers,iphCategory,Beauty > Bath_and_Body
Beauty > Bath_and_Body > Scrubs,Scrubs,iphCategory,Beauty > Bath_and_Body
Beauty > Bath_and_Body > Self_Tanners,Self_Tanners,iphCategory,Beauty > Bath_and_Body
Beauty > Bath_and_Body > Soaps_and_Body_Wash,Soaps_and_Body_Wash,iphCategory,Beauty > Bath_and_Body
Beauty > Bath_and_Body > Sun_Care,Sun_Care,iphCategory,Beauty > Bath_and_Body
Beauty > Fragrance,Fragrance,iphCategory,Beauty
Beauty > Fragrance >,Fragrance >,iphCategory,Beauty
Beauty > Fragrance > Candles_and_Scents,Candles_and_Scents,iphCategory,Beauty > Fragrance
Beauty > Fragrance > Gift_and_Value_Sets,Gift_and_Value_Sets,iphCategory,Beauty > Fragrance
Beauty > Fragrance > Men,Men,iphCategory,Beauty > Fragrance
Beauty > Fragrance > Men > Cologne,Cologne,iphCategory,Beauty > Fragrance > Men
Beauty > Fragrance > Men > Deodorant_and_Powder,Deodorant_and_Powder,iphCategory,Beauty > Fragrance > Men
Beauty > Fragrance > Women,Women,iphCategory,Beauty > Fragrance
Beauty > Fragrance > Women > Deodorant_and_Powder,Deodorant_and_Powder,iphCategory,Beauty > Fragrance > Women
Beauty > Fragrance > Women > Perfume,Perfume,iphCategory,Beauty > Fragrance > Women
Beauty > Hair_Care,Hair_Care,iphCategory,Beauty
Beauty > Hair_Care > Conditioner,Conditioner,iphCategory,Beauty > Hair_Care
Beauty > Hair_Care > Shampoo,Shampoo,iphCategory,Beauty > Hair_Care
Beauty > Hair_Care > Styling_Products,Styling_Products,iphCategory,Beauty > Hair_Care
Beauty > Hair_Care > Styling_Tools,Styling_Tools,iphCategory,Beauty > Hair_Care
Beauty > Hair_Care > Styling_Tools > Curling_Irons,Curling_Irons,iphCategory,Beauty > Hair_Care > Styling_Tools
Beauty > Hair_Care > Styling_Tools > Flat_Irons,Flat_Irons,iphCategory,Beauty > Hair_Care > Styling_Tools
Beauty > Hair_Care > Styling_Tools > Hair_Dryers,Hair_Dryers,iphCategory,Beauty > Hair_Care > Styling_Tools
Beauty > Hair_Care > Styling_Tools > Hot_Rollers,Hot_Rollers,iphCategory,Beauty > Hair_Care > Styling_Tools
Beauty > Hair_Care > Treatments,Treatments,iphCategory,Beauty > Hair_Care
Beauty > Makeup,Makeup,iphCategory,Beauty
Beauty > Makeup,Makeup,iphCategory,Beauty
Beauty > Makeup > Eyes,Eyes,iphCategory,Beauty > Makeup
Beauty > Makeup > Eyes > Base_and_Primer,Base_and_Primer,iphCategory,Beauty > Makeup > Eyes
Beauty > Makeup > Eyes > Eyebrows,Eyebrows,iphCategory,Beauty > Makeup > Eyes
Beauty > Makeup > Eyes > Eyeliner,Eyeliner,iphCategory,Beauty > Makeup > Eyes
Beauty > Makeup > Eyes > Eyeshadow,Eyeshadow,iphCategory,Beauty > Makeup > Eyes
Beauty > Makeup > Eyes > False_Eyelashes,False_Eyelashes,iphCategory,Beauty > Makeup > Eyes
Beauty > Makeup > Eyes > Mascara,Mascara,iphCategory,Beauty > Makeup > Eyes
Beauty > Makeup > Face > Blush,Blush,iphCategory,Beauty > Makeup > Face
Beauty > Makeup > Face > Bronzer,Bronzer,iphCategory,Beauty > Makeup > Face
Beauty > Makeup > Face > Concealer,Concealer,iphCategory,Beauty > Makeup > Face
Beauty > Makeup > Face > Foundation,Foundation,iphCategory,Beauty > Makeup > Face
Beauty > Makeup > Face > Luminizer,Luminizer,iphCategory,Beauty > Makeup > Face
Beauty > Makeup > Face > Powder,Powder,iphCategory,Beauty > Makeup > Face
Beauty > Makeup > Face > Primer,Primer,iphCategory,Beauty > Makeup > Face
Beauty > Makeup > Face > Setting Products,Setting Products,iphCategory,Beauty > Makeup > Face
Beauty > Makeup > Lips,Lips,iphCategory,Beauty > Makeup
Beauty > Makeup > Lips > Lip_Balm,Lip_Balm,iphCategory,Beauty > Makeup > Lips
Beauty > Makeup > Lips > Lip_Gloss,Lip_Gloss,iphCategory,Beauty > Makeup > Lips
Beauty > Makeup > Lips > Lip_Liner,Lip_Liner,iphCategory,Beauty > Makeup > Lips
Beauty > Makeup > Lips > Lip_Plumper,Lip_Plumper,iphCategory,Beauty > Makeup > Lips
Beauty > Makeup > Lips > Lip_Stain,Lip_Stain,iphCategory,Beauty > Makeup > Lips
Beauty > Makeup > Lips > Lipstick,Lipstick,iphCategory,Beauty > Makeup > Lips
Beauty > Makeup > Palettes_and_Value_Sets,Palettes_and_Value_Sets,iphCategory,Beauty > Makeup
Beauty > Nails,Nails,iphCategory,Beauty
Beauty > Nails > Appliques_and_Stickers,Appliques_and_Stickers,iphCategory,Beauty > Nails
Beauty > Nails > Base_Coat_and_Top_Coat,Base_Coat_and_Top_Coat,iphCategory,Beauty > Nails
Beauty > Nails > Nail_Polish,Nail_Polish,iphCategory,Beauty > Nails
Beauty > Nails > Palettes_and_Value_Sets,Palettes_and_Value_Sets,iphCategory,Beauty > Nails
Beauty > Skin_Care,Skin_Care,iphCategory,Beauty
Beauty > Skin_Care > Cleansing,Cleansing,iphCategory,Beauty > Skin_Care
Beauty > Skin_Care > Cleansing > Cleansers,Cleansers,iphCategory,Beauty > Skin_Care > Cleansing
Beauty > Skin_Care > Cleansing > Exfoliators_and_Scrubs,Exfoliators_and_Scrubs,iphCategory,Beauty > Skin_Care > Cleansing
Beauty > Skin_Care > Cleansing > Makeup_Removers,Makeup_Removers,iphCategory,Beauty > Skin_Care > Cleansing
Beauty > Skin_Care > Cleansing > Toners_and_Mists,Toners_and_Mists,iphCategory,Beauty > Skin_Care > Cleansing
Beauty > Skin_Care > Gift_and_Value_Sets,Gift_and_Value_Sets,iphCategory,Beauty > Skin_Care
Beauty > Skin_Care > Moisturizing,Moisturizing,iphCategory,Beauty > Skin_Care
Beauty > Skin_Care > Moisturizing > BB_and_CC_Cream,BB_and_CC_Cream,iphCategory,Beauty > Skin_Care > Moisturizing
Beauty > Skin_Care > Moisturizing > Eyes,Eyes,iphCategory,Beauty > Skin_Care > Moisturizing
Beauty > Skin_Care > Moisturizing > Facial_Moisturizers,Facial_Moisturizers,iphCategory,Beauty > Skin_Care > Moisturizing
Beauty > Skin_Care > Moisturizing > Night_Treatments,Night_Treatments,iphCategory,Beauty > Skin_Care > Moisturizing
Beauty > Skin_Care > Moisturizing > Tinted_Moisturizers,Tinted_Moisturizers,iphCategory,Beauty > Skin_Care > Moisturizing
Beauty > Skin_Care > Shaving_and_Grooming,Shaving_and_Grooming,iphCategory,Beauty > Skin_Care
Beauty > Skin_Care > Shaving_and_Grooming > Aftershave,Aftershave,iphCategory,Beauty > Skin_Care > Shaving_and_Grooming
Beauty > Skin_Care > Shaving_and_Grooming > Shaving_Cream_and_Oil,Shaving_Cream_and_Oil,iphCategory,Beauty > Skin_Care > Shaving_and_Grooming
Beauty > Skin_Care > Shaving_and_Grooming > Shaving_Kits_and_Sets,Shaving_Kits_and_Sets,iphCategory,Beauty > Skin_Care > Shaving_and_Grooming
Beauty > Skin_Care > Treatments_and_Serums,Treatments_and_Serums,iphCategory,Beauty > Skin_Care
Beauty > Skin_Care > Treatments_and_Serums > Eyes,Eyes,iphCategory,Beauty > Skin_Care > Treatments_and_Serums
Beauty > Skin_Care > Treatments_and_Serums > Face,Face,iphCategory,Beauty > Skin_Care > Treatments_and_Serums
Beauty > Skin_Care > Treatments_and_Serums > Lips,Lips,iphCategory,Beauty > Skin_Care > Treatments_and_Serums
Beauty > Tools_and_Brushes,Tools_and_Brushes,iphCategory,Beauty
Beauty > Tools_and_Brushes > Bags_and_Cases,Bags_and_Cases,iphCategory,Beauty > Tools_and_Brushes
Beauty > Tools_and_Brushes > Brushes_and_Applicators,Brushes_and_Applicators,iphCategory,Beauty > Tools_and_Brushes
Beauty > Tools_and_Brushes > Brushes_and_Applicators > Cleaners,Cleaners,iphCategory,Beauty > Tools_and_Brushes > Brushes_and_Applicators
Beauty > Tools_and_Brushes > Brushes_and_Applicators > Eyes,Eyes,iphCategory,Beauty > Tools_and_Brushes > Brushes_and_Applicators
Beauty > Tools_and_Brushes > Brushes_and_Applicators > Face,Face,iphCategory,Beauty > Tools_and_Brushes > Brushes_and_Applicators
Beauty > Tools_and_Brushes > Brushes_and_Applicators > Lips,Lips,iphCategory,Beauty > Tools_and_Brushes > Brushes_and_Applicators
Beauty > Tools_and_Brushes > Eyelash_Curlers,Eyelash_Curlers,iphCategory,Beauty > Tools_and_Brushes
Beauty > Tools_and_Brushes > Gift_and_Value_Sets,Gift_and_Value_Sets,iphCategory,Beauty > Tools_and_Brushes
Beauty > Tools_and_Brushes > Makeup_Mirrors,Makeup_Mirrors,iphCategory,Beauty > Tools_and_Brushes
Beauty > Tools_and_Brushes > Nail_Tools,Nail_Tools,iphCategory,Beauty > Tools_and_Brushes
Beauty > Tools_and_Brushes > Razors_and_Shave_Tools,Razors_and_Shave_Tools,iphCategory,Beauty > Tools_and_Brushes
Beauty > Tools_and_Brushes > Skin_Care_Tools,Skin_Care_Tools,iphCategory,Beauty > Tools_and_Brushes
Beauty > Tools_and_Brushes > Tweezers,Tweezers,iphCategory,Beauty > Tools_and_Brushes
For_the_Home,For_the_Home,iphCategory,""
For_the_Home > Bed_and_Bath,Bed_and_Bath,iphCategory,For_the_Home
For_the_Home > Bed_and_Bath > Bath,Bath,iphCategory,For_the_Home > Bed_and_Bath
For_the_Home > Bed_and_Bath > Bath > Bath_Accessory_Sets,Bath_Accessory_Sets,iphCategory,For_the_Home > Bed_and_Bath > Bath
For_the_Home > Bed_and_Bath > Bath > Bath_Mats_and_Rugs,Bath_Mats_and_Rugs,iphCategory,For_the_Home > Bed_and_Bath > Bath
For_the_Home > Bed_and_Bath > Bath > Bath_Storage,Bath_Storage,iphCategory,For_the_Home > Bed_and_Bath > Bath
For_the_Home > Bed_and_Bath > Bath > Bath_Towels,Bath_Towels,iphCategory,For_the_Home > Bed_and_Bath > Bath
For_the_Home > Bed_and_Bath > Bath > Beach_Towels,Beach_Towels,iphCategory,For_the_Home > Bed_and_Bath > Bath
For_the_Home > Bed_and_Bath > Bath > Guest_Towels,Guest_Towels,iphCategory,For_the_Home > Bed_and_Bath > Bath
For_the_Home > Bed_and_Bath > Bath > Shower_Curtains,Shower_Curtains,iphCategory,For_the_Home > Bed_and_Bath > Bath
For_the_Home > Bed_and_Bath > Bedding,Bedding,iphCategory,For_the_Home > Bed_and_Bath
For_the_Home > Bed_and_Bath > Bedding > Bed_in_a_Bag,Bed_in_a_Bag,iphCategory,For_the_Home > Bed_and_Bath > Bedding
For_the_Home > Bed_and_Bath > Bedding > Bedskirts,Bedskirts,iphCategory,For_the_Home > Bed_and_Bath > Bedding
For_the_Home > Bed_and_Bath > Bedding > Bedspreads_and_Coverlets,Bedspreads_and_Coverlets,iphCategory,For_the_Home > Bed_and_Bath > Bedding
For_the_Home > Bed_and_Bath > Bedding > Blankets,Blankets,iphCategory,For_the_Home > Bed_and_Bath > Bedding
For_the_Home > Bed_and_Bath > Bedding > Comforters,Comforters,iphCategory,For_the_Home > Bed_and_Bath > Bedding
For_the_Home > Bed_and_Bath > Bedding > Daybed_Covers,Daybed_Covers,iphCategory,For_the_Home > Bed_and_Bath > Bedding
For_the_Home > Bed_and_Bath > Bedding > Duvet_Covers,Duvet_Covers,iphCategory,For_the_Home > Bed_and_Bath > Bedding
For_the_Home > Bed_and_Bath > Bedding > Mattress_Pads_and_Toppers,Mattress_Pads_and_Toppers,iphCategory,For_the_Home > Bed_and_Bath > Bedding
For_the_Home > Bed_and_Bath > Bedding > Pillows,Pillows,iphCategory,For_the_Home > Bed_and_Bath > Bedding
For_the_Home > Bed_and_Bath > Bedding > Quilts,Quilts,iphCategory,For_the_Home > Bed_and_Bath > Bedding
For_the_Home > Bed_and_Bath > Bedding > Sheets,Sheets,iphCategory,For_the_Home > Bed_and_Bath > Bedding
For_the_Home > Bed_and_Bath > Bedding > Throws,Throws,iphCategory,For_the_Home > Bed_and_Bath > Bedding
For_the_Home > Car_Accessories,Car_Accessories,iphCategory,For_the_Home
For_the_Home > Cleaning_and_Organization,Cleaning_and_Organization,iphCategory,For_the_Home
For_the_Home > Cleaning_and_Organization > Brooms,Brooms,iphCategory,For_the_Home > Cleaning_and_Organization
For_the_Home > Cleaning_and_Organization > Garment_Steamers,Garment_Steamers,iphCategory,For_the_Home > Cleaning_and_Organization
For_the_Home > Cleaning_and_Organization > Home_Organization,Home_Organization,iphCategory,For_the_Home > Cleaning_and_Organization
For_the_Home > Cleaning_and_Organization > Ironing_Boards,Ironing_Boards,iphCategory,For_the_Home > Cleaning_and_Organization
For_the_Home > Cleaning_and_Organization > Irons,Irons,iphCategory,For_the_Home > Cleaning_and_Organization
For_the_Home > Cleaning_and_Organization > Laundry_Hampers,Laundry_Hampers,iphCategory,For_the_Home > Cleaning_and_Organization
For_the_Home > Cleaning_and_Organization > Mops,Mops,iphCategory,For_the_Home > Cleaning_and_Organization
For_the_Home > Cleaning_and_Organization > Trash_Cans,Trash_Cans,iphCategory,For_the_Home > Cleaning_and_Organization
For_the_Home > Cleaning_and_Organization > Vacuums,Vacuums,iphCategory,For_the_Home > Cleaning_and_Organization
For_the_Home > Dining,Dining,iphCategory,For_the_Home
For_the_Home > Dining > Bar_and_Wine,Bar_and_Wine,iphCategory,For_the_Home > Dining
For_the_Home > Dining > Bar_and_Wine > Barware_Sets,Barware_Sets,iphCategory,For_the_Home > Dining > Bar_and_Wine
For_the_Home > Dining > Bar_and_Wine > Bottle_Openers,Bottle_Openers,iphCategory,For_the_Home > Dining > Bar_and_Wine
For_the_Home > Dining > Bar_and_Wine > Bottle_Stoppers,Bottle_Stoppers,iphCategory,For_the_Home > Dining > Bar_and_Wine
For_the_Home > Dining > Bar_and_Wine > Coasters,Coasters,iphCategory,For_the_Home > Dining > Bar_and_Wine
For_the_Home > Dining > Bar_and_Wine > Ice_Buckets_and_Chillers,Ice_Buckets_and_Chillers,iphCategory,For_the_Home > Dining > Bar_and_Wine
For_the_Home > Dining > Bar_and_Wine > Wine_Openers,Wine_Openers,iphCategory,For_the_Home > Dining > Bar_and_Wine
For_the_Home > Dining > Bar_and_Wine > Wine_Racks,Wine_Racks,iphCategory,For_the_Home > Dining > Bar_and_Wine
For_the_Home > Dining > Dinnerware,Dinnerware,iphCategory,For_the_Home > Dining
For_the_Home > Dining > Dinnerware > Appetizer_Plates,Appetizer_Plates,iphCategory,For_the_Home > Dining > Dinnerware
For_the_Home > Dining > Dinnerware > Cereal_Bowls,Cereal_Bowls,iphCategory,For_the_Home > Dining > Dinnerware
For_the_Home > Dining > Dinnerware > Chargers,Chargers,iphCategory,For_the_Home > Dining > Dinnerware
For_the_Home > Dining > Dinnerware > Dessert_Plates,Dessert_Plates,iphCategory,For_the_Home > Dining > Dinnerware
For_the_Home > Dining > Dinnerware > Dinner_Plates,Dinner_Plates,iphCategory,For_the_Home > Dining > Dinnerware
For_the_Home > Dining > Dinnerware > Dinnerware_Sets,Dinnerware_Sets,iphCategory,For_the_Home > Dining > Dinnerware
For_the_Home > Dining > Dinnerware > Kids_Dinnerware,Kids_Dinnerware,iphCategory,For_the_Home > Dining > Dinnerware
For_the_Home > Dining > Dinnerware > Salad_Plates,Salad_Plates,iphCategory,For_the_Home > Dining > Dinnerware
For_the_Home > Dining > Dinnerware > Salt_and_Pepper_Set,Salt_and_Pepper_Set,iphCategory,For_the_Home > Dining > Dinnerware
For_the_Home > Dining > Dinnerware > Soup_Bowls,Soup_Bowls,iphCategory,For_the_Home > Dining > Dinnerware
For_the_Home > Dining > Dinnerware > Tea_Service,Tea_Service,iphCategory,For_the_Home > Dining > Dinnerware
For_the_Home > Dining > Drinkware,Drinkware,iphCategory,For_the_Home > Dining
For_the_Home > Dining > Drinkware > Acrylics,Acrylics,iphCategory,For_the_Home > Dining > Drinkware
For_the_Home > Dining > Drinkware > Beer_Glasses_and_Mugs,Beer_Glasses_and_Mugs,iphCategory,For_the_Home > Dining > Drinkware
For_the_Home > Dining > Drinkware > Coffee_Mugs,Coffee_Mugs,iphCategory,For_the_Home > Dining > Drinkware
For_the_Home > Dining > Drinkware > Coffee_Tumblers,Coffee_Tumblers,iphCategory,For_the_Home > Dining > Drinkware
For_the_Home > Dining > Drinkware > Drinking_Glasses,Drinking_Glasses,iphCategory,For_the_Home > Dining > Drinkware
For_the_Home > Dining > Drinkware > Drinkware_Sets,Drinkware_Sets,iphCategory,For_the_Home > Dining > Drinkware
For_the_Home > Dining > Drinkware > Highball_Glasses,Highball_Glasses,iphCategory,For_the_Home > Dining > Drinkware
For_the_Home > Dining > Drinkware > Martini_Glasses,Martini_Glasses,iphCategory,For_the_Home > Dining > Drinkware
For_the_Home > Dining > Drinkware > Mason_Jars,Mason_Jars,iphCategory,For_the_Home > Dining > Drinkware
For_the_Home > Dining > Drinkware > Travel_Drinkware,Travel_Drinkware,iphCategory,For_the_Home > Dining > Drinkware
For_the_Home > Dining > Drinkware > Water_Bottles,Water_Bottles,iphCategory,For_the_Home > Dining > Drinkware
For_the_Home > Dining > Drinkware > Wine_Glasses,Wine_Glasses,iphCategory,For_the_Home > Dining > Drinkware
For_the_Home > Dining > Flatware,Flatware,iphCategory,For_the_Home > Dining
For_the_Home > Dining > Flatware > Flatware_Sets,Flatware_Sets,iphCategory,For_the_Home > Dining > Flatware
For_the_Home > Dining > Flatware > Place_Settings,Place_Settings,iphCategory,For_the_Home > Dining > Flatware
For_the_Home > Dining > Flatware > Storage_and_Cleaning,Storage_and_Cleaning,iphCategory,For_the_Home > Dining > Flatware
For_the_Home > Dining > Serveware,Serveware,iphCategory,For_the_Home > Dining
For_the_Home > Dining > Serveware > Beverage_Dispensers,Beverage_Dispensers,iphCategory,For_the_Home > Dining > Serveware
For_the_Home > Dining > Serveware > Cake_Stands,Cake_Stands,iphCategory,For_the_Home > Dining > Serveware
For_the_Home > Dining > Serveware > Carafes_and_Decanters,Carafes_and_Decanters,iphCategory,For_the_Home > Dining > Serveware
For_the_Home > Dining > Serveware > Cheese_Boards,Cheese_Boards,iphCategory,For_the_Home > Dining > Serveware
For_the_Home > Dining > Serveware > Chips_and_Dip,Chips_and_Dip,iphCategory,For_the_Home > Dining > Serveware
For_the_Home > Dining > Serveware > Divided_Servers,Divided_Servers,iphCategory,For_the_Home > Dining > Serveware
For_the_Home > Dining > Serveware > Pitchers,Pitchers,iphCategory,For_the_Home > Dining > Serveware
For_the_Home > Dining > Serveware > Platters_and_Trays,Platters_and_Trays,iphCategory,For_the_Home > Dining > Serveware
For_the_Home > Dining > Serveware > Salad_Bowls,Salad_Bowls,iphCategory,For_the_Home > Dining > Serveware
For_the_Home > Dining > Serveware > Serving_Bowls,Serving_Bowls,iphCategory,For_the_Home > Dining > Serveware
For_the_Home > Dining > Serveware > Serving_Utensils_and_Sets,Serving_Utensils_and_Sets,iphCategory,For_the_Home > Dining > Serveware
For_the_Home > Dining > Serveware > Specialty_Serveware,Specialty_Serveware,iphCategory,For_the_Home > Dining > Serveware
For_the_Home > Dining > Serveware > Specialty_Serveware,Specialty_Serveware,iphCategory,For_the_Home > Dining > Serveware
For_the_Home > Dining > Serveware > Specialty_Serveware,Specialty_Serveware,iphCategory,For_the_Home > Dining > Serveware
For_the_Home > Dining > Serveware > Specialty_Serveware > Butter_Dishes,Butter_Dishes,iphCategory,For_the_Home > Dining > Serveware > Specialty_Serveware
For_the_Home > Dining > Serveware > Specialty_Serveware > Gravy_Boats,Gravy_Boats,iphCategory,For_the_Home > Dining > Serveware > Specialty_Serveware
For_the_Home > Dining > Serveware > Tiered_Servers,Tiered_Servers,iphCategory,For_the_Home > Dining > Serveware
For_the_Home > Dining > Table_Linens,Table_Linens,iphCategory,For_the_Home > Dining
For_the_Home > Dining > Table_Linens > Napkin_Rings,Napkin_Rings,iphCategory,For_the_Home > Dining > Table_Linens
For_the_Home > Dining > Table_Linens > Napkins,Napkins,iphCategory,For_the_Home > Dining > Table_Linens
For_the_Home > Dining > Table_Linens > Placemats,Placemats,iphCategory,For_the_Home > Dining > Table_Linens
For_the_Home > Dining > Table_Linens > Table_Cloths,Table_Cloths,iphCategory,For_the_Home > Dining > Table_Linens
For_the_Home > Dining > Table_Linens > Table_Runners,Table_Runners,iphCategory,For_the_Home > Dining > Table_Linens
For_the_Home > Dining > Table_Linens > Trivets,Trivets,iphCategory,For_the_Home > Dining > Table_Linens
For_the_Home > Electronics,Electronics,iphCategory,For_the_Home
For_the_Home > Electronics > Adapters,Adapters,iphCategory,For_the_Home > Electronics
For_the_Home > Electronics > CD_and_DVD_Players,CD_and_DVD_Players,iphCategory,For_the_Home > Electronics
For_the_Home > Electronics > Clocks,Clocks,iphCategory,For_the_Home > Electronics
For_the_Home > Electronics > Fans_and_Heaters,Fans_and_Heaters,iphCategory,For_the_Home > Electronics
For_the_Home > Electronics > Headphones,Headphones,iphCategory,For_the_Home > Electronics
For_the_Home > Electronics > Karaoke_Machines,Karaoke_Machines,iphCategory,For_the_Home > Electronics
For_the_Home > Electronics > Novelty_Electrics,Novelty_Electrics,iphCategory,For_the_Home > Electronics
For_the_Home > Electronics > Phones,Phones,iphCategory,For_the_Home > Electronics
For_the_Home > Electronics > Portable_Chargers,Portable_Chargers,iphCategory,For_the_Home > Electronics
For_the_Home > Electronics > Smart_Home,Smart_Home,iphCategory,For_the_Home > Electronics
For_the_Home > Electronics > Sound_Bars,Sound_Bars,iphCategory,For_the_Home > Electronics
For_the_Home > Electronics > Speakers,Speakers,iphCategory,For_the_Home > Electronics
For_the_Home > Electronics > Tablet_Stands_and_Cases,Tablet_Stands_and_Cases,iphCategory,For_the_Home > Electronics
For_the_Home > Electronics > Tech_Accessories,Tech_Accessories,iphCategory,For_the_Home > Electronics
For_the_Home > Electronics > Turntables,Turntables,iphCategory,For_the_Home > Electronics
For_the_Home > Electronics > TV_and_Video,TV_and_Video,iphCategory,For_the_Home > Electronics
For_the_Home > Electronics > TV_and_Video > Televisions,Televisions,iphCategory,For_the_Home > Electronics > TV_and_Video
For_the_Home > Electronics > TV_and_Video > Video,Video,iphCategory,For_the_Home > Electronics > TV_and_Video
For_the_Home > Electronics > TV_and_Video > Video > Video_Games_and_Consoles,Video_Games_and_Consoles,iphCategory,For_the_Home > Electronics > TV_and_Video > Video
For_the_Home > Electronics > TV_and_Video > Video > Video_Games_and_Consoles > Video_Game_Consoles,Video_Game_Consoles,iphCategory,For_the_Home > Electronics > TV_and_Video > Video > Video_Games_and_Consoles
For_the_Home > Electronics > TV_and_Video > Video > Video_Games_and_Consoles > Video_Games,Video_Games,iphCategory,For_the_Home > Electronics > TV_and_Video > Video > Video_Games_and_Consoles
For_the_Home > Electronics > TV_and_Video > Video > Video_Games_and_Consoles > Video_Games_Accessories,Video_Games_Accessories,iphCategory,For_the_Home > Electronics > TV_and_Video > Video > Video_Games_and_Consoles
For_the_Home > Electronics > TV_and_Video > Video > Video_Games_and_Consoles > Video_Games_Accessories,Video_Games_Accessories,iphCategory,For_the_Home > Electronics > TV_and_Video > Video > Video_Games_and_Consoles
For_the_Home > Furniture,Furniture,iphCategory,For_the_Home
For_the_Home > Furniture > Air_Mattresses,Air_Mattresses,iphCategory,For_the_Home > Furniture
For_the_Home > Furniture > Bar_Stools,Bar_Stools,iphCategory,For_the_Home > Furniture
For_the_Home > Furniture > Beds_and_Headboards,Beds_and_Headboards,iphCategory,For_the_Home > Furniture
For_the_Home > Furniture > Bookcase_and_Shelves,Bookcase_and_Shelves,iphCategory,For_the_Home > Furniture
For_the_Home > Furniture > Chairs,Chairs,iphCategory,For_the_Home > Furniture
For_the_Home > Furniture > Coffee_and_Side_Tables,Coffee_and_Side_Tables,iphCategory,For_the_Home > Furniture
For_the_Home > Furniture > Desks,Desks,iphCategory,For_the_Home > Furniture
For_the_Home > Furniture > Dressers_and_Cabinets,Dressers_and_Cabinets,iphCategory,For_the_Home > Furniture
For_the_Home > Furniture > Kitchen_Islands_and_Carts,Kitchen_Islands_and_Carts,iphCategory,For_the_Home > Furniture
For_the_Home > Furniture > Lamps,Lamps,iphCategory,For_the_Home > Furniture
For_the_Home > Furniture > Loveseats,Loveseats,iphCategory,For_the_Home > Furniture
For_the_Home > Furniture > Mattresses,Mattresses,iphCategory,For_the_Home > Furniture
For_the_Home > Furniture > Ottomans,Ottomans,iphCategory,For_the_Home > Furniture
For_the_Home > Furniture > Portable_Fireplaces,Portable_Fireplaces,iphCategory,For_the_Home > Furniture
For_the_Home > Furniture > Sideboards_and_Buffets,Sideboards_and_Buffets,iphCategory,For_the_Home > Furniture
For_the_Home > Furniture > Sofas,Sofas,iphCategory,For_the_Home > Furniture
For_the_Home > Furniture > Tables,Tables,iphCategory,For_the_Home > Furniture
For_the_Home > Furniture > Trunks_and_Benches,Trunks_and_Benches,iphCategory,For_the_Home > Furniture
For_the_Home > Furniture > TV_Media_Stands,TV_Media_Stands,iphCategory,For_the_Home > Furniture
For_the_Home > Gourmet_Food_and_Gifts,Gourmet_Food_and_Gifts,iphCategory,For_the_Home
For_the_Home > Home_Dcor,Home_Dcor,iphCategory,For_the_Home
For_the_Home > Home_Dcor > Candles_and_Home_Fragrance,Candles_and_Home_Fragrance,iphCategory,For_the_Home > Home_Dcor
For_the_Home > Home_Dcor > Candles_and_Home_Fragrance > Candle_Shades,Candle_Shades,iphCategory,For_the_Home > Home_Dcor > Candles_and_Home_Fragrance
For_the_Home > Home_Dcor > Candles_and_Home_Fragrance > Candles,Candles,iphCategory,For_the_Home > Home_Dcor > Candles_and_Home_Fragrance
For_the_Home > Home_Dcor > Candles_and_Home_Fragrance > Candlesticks_and_Holders,Candlesticks_and_Holders,iphCategory,For_the_Home > Home_Dcor > Candles_and_Home_Fragrance
For_the_Home > Home_Dcor > Candles_and_Home_Fragrance > Flameless_Candles,Flameless_Candles,iphCategory,For_the_Home > Home_Dcor > Candles_and_Home_Fragrance
For_the_Home > Home_Dcor > Candles_and_Home_Fragrance > Potpourri,Potpourri,iphCategory,For_the_Home > Home_Dcor > Candles_and_Home_Fragrance
For_the_Home > Home_Dcor > Candles_and_Home_Fragrance > Scent_Plugs,Scent_Plugs,iphCategory,For_the_Home > Home_Dcor > Candles_and_Home_Fragrance
For_the_Home > Home_Dcor > Candles_and_Home_Fragrance > Warmers_and_Meltcups,Warmers_and_Meltcups,iphCategory,For_the_Home > Home_Dcor > Candles_and_Home_Fragrance
For_the_Home > Home_Dcor > Christmas,Christmas,iphCategory,For_the_Home > Home_Dcor
For_the_Home > Home_Dcor > Decorative_Accents,Decorative_Accents,iphCategory,For_the_Home > Home_Dcor
For_the_Home > Home_Dcor > Decorative_Baskets,Decorative_Baskets,iphCategory,For_the_Home > Home_Dcor
For_the_Home > Home_Dcor > Floral_Accents_and_Wreaths,Floral_Accents_and_Wreaths,iphCategory,For_the_Home > Home_Dcor
For_the_Home > Home_Dcor > Frames,Frames,iphCategory,For_the_Home > Home_Dcor
For_the_Home > Home_Dcor > Mirrors,Mirrors,iphCategory,For_the_Home > Home_Dcor
For_the_Home > Home_Dcor > Pet_Accessories,Pet_Accessories,iphCategory,For_the_Home > Home_Dcor
For_the_Home > Home_Dcor > Throw_Pillows,Throw_Pillows,iphCategory,For_the_Home > Home_Dcor
For_the_Home > Home_Dcor > Vases,Vases,iphCategory,For_the_Home > Home_Dcor
For_the_Home > Home_Dcor > Wall_Art,Wall_Art,iphCategory,For_the_Home > Home_Dcor
For_the_Home > Kitchen,Kitchen,iphCategory,For_the_Home
For_the_Home > Kitchen,Kitchen,iphCategory,For_the_Home
For_the_Home > Kitchen > Bakeware,Bakeware,iphCategory,For_the_Home > Kitchen
For_the_Home > Kitchen > Bakeware > Bakeware_Sets,Bakeware_Sets,iphCategory,For_the_Home > Kitchen > Bakeware
For_the_Home > Kitchen > Bakeware > Baking_Dishes,Baking_Dishes,iphCategory,For_the_Home > Kitchen > Bakeware
For_the_Home > Kitchen > Bakeware > Baking_Sheets,Baking_Sheets,iphCategory,For_the_Home > Kitchen > Bakeware
For_the_Home > Kitchen > Bakeware > Bread_Pans,Bread_Pans,iphCategory,For_the_Home > Kitchen > Bakeware
For_the_Home > Kitchen > Bakeware > Cake_Pans,Cake_Pans,iphCategory,For_the_Home > Kitchen > Bakeware
For_the_Home > Kitchen > Bakeware > Cooling_Racks,Cooling_Racks,iphCategory,For_the_Home > Kitchen > Bakeware
For_the_Home > Kitchen > Bakeware > Cupcake_and_Muffin_Pans,Cupcake_and_Muffin_Pans,iphCategory,For_the_Home > Kitchen > Bakeware
For_the_Home > Kitchen > Bakeware > Pie_Pans,Pie_Pans,iphCategory,For_the_Home > Kitchen > Bakeware
For_the_Home > Kitchen > Bakeware > Pizza_Pans_and_Stones,Pizza_Pans_and_Stones,iphCategory,For_the_Home > Kitchen > Bakeware
For_the_Home > Kitchen > Bakeware > Specialty_Pans,Specialty_Pans,iphCategory,For_the_Home > Kitchen > Bakeware
For_the_Home > Kitchen > Beverage,Beverage,iphCategory,For_the_Home > Kitchen
For_the_Home > Kitchen > Beverage > Filters_and_Replacement_Parts,Filters_and_Replacement_Parts,iphCategory,For_the_Home > Kitchen > Beverage
For_the_Home > Kitchen > Beverage > Single_Serve_Pods,Single_Serve_Pods,iphCategory,For_the_Home > Kitchen > Beverage
For_the_Home > Kitchen > Beverage > Water_Filtration_Pitchers,Water_Filtration_Pitchers,iphCategory,For_the_Home > Kitchen > Beverage
For_the_Home > Kitchen > Beverage > Water_Filtration_Pitchers,Water_Filtration_Pitchers,iphCategory,For_the_Home > Kitchen > Beverage
For_the_Home > Kitchen > Coffee_and_Tea,Coffee_and_Tea,iphCategory,For_the_Home > Kitchen
For_the_Home > Kitchen > Coffee_and_Tea > Coffee_and_Tea_Storage,Coffee_and_Tea_Storage,iphCategory,For_the_Home > Kitchen > Coffee_and_Tea
For_the_Home > Kitchen > Coffee_and_Tea > Coffee_Makers,Coffee_Makers,iphCategory,For_the_Home > Kitchen > Coffee_and_Tea
For_the_Home > Kitchen > Coffee_and_Tea > Coffee_Makers > Carafes_and_Airpots,Carafes_and_Airpots,iphCategory,For_the_Home > Kitchen > Coffee_and_Tea > Coffee_Makers
For_the_Home > Kitchen > Coffee_and_Tea > Coffee_Makers > Filters_and_Replacement_Parts,Filters_and_Replacement_Parts,iphCategory,For_the_Home > Kitchen > Coffee_and_Tea > Coffee_Makers
For_the_Home > Kitchen > Coffee_and_Tea > Coffee_Makers > French_Presses,French_Presses,iphCategory,For_the_Home > Kitchen > Coffee_and_Tea > Coffee_Makers
For_the_Home > Kitchen > Coffee_and_Tea > Coffee_Makers > PourOver_Coffee_Makers,PourOver_Coffee_Makers,iphCategory,For_the_Home > Kitchen > Coffee_and_Tea > Coffee_Makers
For_the_Home > Kitchen > Coffee_and_Tea > Coffee_Makers > Single_Serve_Pods,Single_Serve_Pods,iphCategory,For_the_Home > Kitchen > Coffee_and_Tea > Coffee_Makers
For_the_Home > Kitchen > Coffee_and_Tea > Tea_Pots_and_Kettles,Tea_Pots_and_Kettles,iphCategory,For_the_Home > Kitchen > Coffee_and_Tea
For_the_Home > Kitchen > Coffee_and_Tea > Tea_Pots_and_Kettles > Kettles,Kettles,iphCategory,For_the_Home > Kitchen > Coffee_and_Tea > Tea_Pots_and_Kettles
For_the_Home > Kitchen > Coffee_and_Tea > Tea_Pots_and_Kettles > Tea_Pots,Tea_Pots,iphCategory,For_the_Home > Kitchen > Coffee_and_Tea > Tea_Pots_and_Kettles
For_the_Home > Kitchen > Cookware,Cookware,iphCategory,For_the_Home > Kitchen
For_the_Home > Kitchen > Cookware > Braiser,Braiser,iphCategory,For_the_Home > Kitchen > Cookware
For_the_Home > Kitchen > Cookware > Casserole,Casserole,iphCategory,For_the_Home > Kitchen > Cookware
For_the_Home > Kitchen > Cookware > Cookware_Sets,Cookware_Sets,iphCategory,For_the_Home > Kitchen > Cookware
For_the_Home > Kitchen > Cookware > Dutch_Ovens,Dutch_Ovens,iphCategory,For_the_Home > Kitchen > Cookware
For_the_Home > Kitchen > Cookware > Frying_Pans_and_Skillets,Frying_Pans_and_Skillets,iphCategory,For_the_Home > Kitchen > Cookware
For_the_Home > Kitchen > Cookware > Grilling_Pans,Grilling_Pans,iphCategory,For_the_Home > Kitchen > Cookware
For_the_Home > Kitchen > Cookware > Roasters,Roasters,iphCategory,For_the_Home > Kitchen > Cookware
For_the_Home > Kitchen > Cookware > Sauce_Pot,Sauce_Pot,iphCategory,For_the_Home > Kitchen > Cookware
For_the_Home > Kitchen > Cookware > Saucepans,Saucepans,iphCategory,For_the_Home > Kitchen > Cookware
For_the_Home > Kitchen > Cookware > Saut_Pans,Saut_Pans,iphCategory,For_the_Home > Kitchen > Cookware
For_the_Home > Kitchen > Cookware > Stock_Pots,Stock_Pots,iphCategory,For_the_Home > Kitchen > Cookware
For_the_Home > Kitchen > Cookware > Stovetop_Pressure_Cookers,Stovetop_Pressure_Cookers,iphCategory,For_the_Home > Kitchen > Cookware
For_the_Home > Kitchen > Cutlery,Cutlery,iphCategory,For_the_Home > Kitchen
For_the_Home > Kitchen > Cutlery > Kitchen_Scissors,Kitchen_Scissors,iphCategory,For_the_Home > Kitchen > Cutlery
For_the_Home > Kitchen > Cutlery > Knife_Accessories,Knife_Accessories,iphCategory,For_the_Home > Kitchen > Cutlery
For_the_Home > Kitchen > Cutlery > Knife_Accessories > Cutting_Boards,Cutting_Boards,iphCategory,For_the_Home > Kitchen > Cutlery > Knife_Accessories
For_the_Home > Kitchen > Cutlery > Knife_Accessories > Handheld_Knife_Sharpeners,Handheld_Knife_Sharpeners,iphCategory,For_the_Home > Kitchen > Cutlery > Knife_Accessories
For_the_Home > Kitchen > Cutlery > Knife_Accessories > Knife_Blocks,Knife_Blocks,iphCategory,For_the_Home > Kitchen > Cutlery > Knife_Accessories
For_the_Home > Kitchen > Cutlery > Knives,Knives,iphCategory,For_the_Home > Kitchen > Cutlery
For_the_Home > Kitchen > Cutlery > Knives > Bread_Knives,Bread_Knives,iphCategory,For_the_Home > Kitchen > Cutlery > Knives
For_the_Home > Kitchen > Cutlery > Knives > Cheese_Knives,Cheese_Knives,iphCategory,For_the_Home > Kitchen > Cutlery > Knives
For_the_Home > Kitchen > Cutlery > Knives > Chefs_Knives,Chefs_Knives,iphCategory,For_the_Home > Kitchen > Cutlery > Knives
For_the_Home > Kitchen > Cutlery > Knives > Knife_Sets,Knife_Sets,iphCategory,For_the_Home > Kitchen > Cutlery > Knives
For_the_Home > Kitchen > Cutlery > Knives > Paring_Knives,Paring_Knives,iphCategory,For_the_Home > Kitchen > Cutlery > Knives
For_the_Home > Kitchen > Cutlery > Knives > Santoku_Knives,Santoku_Knives,iphCategory,For_the_Home > Kitchen > Cutlery > Knives
For_the_Home > Kitchen > Cutlery > Knives > Steak_Knives,Steak_Knives,iphCategory,For_the_Home > Kitchen > Cutlery > Knives
For_the_Home > Kitchen > Cutlery > Knives > Utility_Knives,Utility_Knives,iphCategory,For_the_Home > Kitchen > Cutlery > Knives
For_the_Home > Kitchen > Food_Storage,Food_Storage,iphCategory,For_the_Home > Kitchen
For_the_Home > Kitchen > Food_Storage > Canisters_and_Crocks,Canisters_and_Crocks,iphCategory,For_the_Home > Kitchen > Food_Storage
For_the_Home > Kitchen > Food_Storage > Condiment_and_Utensil_Caddies,Condiment_and_Utensil_Caddies,iphCategory,For_the_Home > Kitchen > Food_Storage
For_the_Home > Kitchen > Food_Storage > Cookie_Jars,Cookie_Jars,iphCategory,For_the_Home > Kitchen > Food_Storage
For_the_Home > Kitchen > Food_Storage > Coolers,Coolers,iphCategory,For_the_Home > Kitchen > Food_Storage
For_the_Home > Kitchen > Food_Storage > Food_Storage_Baskets,Food_Storage_Baskets,iphCategory,For_the_Home > Kitchen > Food_Storage
For_the_Home > Kitchen > Food_Storage > Food_Storage_Containers,Food_Storage_Containers,iphCategory,For_the_Home > Kitchen > Food_Storage
For_the_Home > Kitchen > Food_Storage > Lunch_Bags_and_Totes,Lunch_Bags_and_Totes,iphCategory,For_the_Home > Kitchen > Food_Storage
For_the_Home > Kitchen > Food_Storage > Picnic_Baskets,Picnic_Baskets,iphCategory,For_the_Home > Kitchen > Food_Storage
For_the_Home > Kitchen > Food_Storage > Storage_Container_Sets,Storage_Container_Sets,iphCategory,For_the_Home > Kitchen > Food_Storage
For_the_Home > Kitchen > Grilling_and_BBQ,Grilling_and_BBQ,iphCategory,For_the_Home > Kitchen
For_the_Home > Kitchen > Grilling_and_BBQ > Grill_Tools_and_Accessories,Grill_Tools_and_Accessories,iphCategory,For_the_Home > Kitchen > Grilling_and_BBQ
For_the_Home > Kitchen > Grilling_and_BBQ > Grills,Grills,iphCategory,For_the_Home > Kitchen > Grilling_and_BBQ
For_the_Home > Kitchen > Kitchen_Appliances,Kitchen_Appliances,iphCategory,For_the_Home > Kitchen
For_the_Home > Kitchen > Kitchen_Appliances > Coffee_and_Tea_Appliances,Coffee_and_Tea_Appliances,iphCategory,For_the_Home > Kitchen > Kitchen_Appliances
For_the_Home > Kitchen > Kitchen_Appliances > Coffee_and_Tea_Appliances > Coffee_Grinders,Coffee_Grinders,iphCategory,For_the_Home > Kitchen > Kitchen_Appliances > Coffee_and_Tea_Appliances
For_the_Home > Kitchen > Kitchen_Appliances > Coffee_and_Tea_Appliances > Drip_Coffee_Makers,Drip_Coffee_Makers,iphCategory,For_the_Home > Kitchen > Kitchen_Appliances > Coffee_and_Tea_Appliances
For_the_Home > Kitchen > Kitchen_Appliances > Coffee_and_Tea_Appliances > Espresso_Machines,Espresso_Machines,iphCategory,For_the_Home > Kitchen > Kitchen_Appliances > Coffee_and_Tea_Appliances
For_the_Home > Kitchen > Kitchen_Appliances > Coffee_and_Tea_Appliances > Iced_Tea_Makers,Iced_Tea_Makers,iphCategory,For_the_Home > Kitchen > Kitchen_Appliances > Coffee_and_Tea_Appliances
For_the_Home > Kitchen > Kitchen_Appliances > Coffee_and_Tea_Appliances > Single_Serve_Brewers,Single_Serve_Brewers,iphCategory,For_the_Home > Kitchen > Kitchen_Appliances > Coffee_and_Tea_Appliances
For_the_Home > Kitchen > Kitchen_Appliances > Compact_Refrigerators,Compact_Refrigerators,iphCategory,For_the_Home > Kitchen > Kitchen_Appliances
For_the_Home > Kitchen > Kitchen_Appliances > Cooking_Appliances,Cooking_Appliances,iphCategory,For_the_Home > Kitchen > Kitchen_Appliances
For_the_Home > Kitchen > Kitchen_Appliances > Cooking_Appliances > Burners_and_Hot_Plates,Burners_and_Hot_Plates,iphCategory,For_the_Home > Kitchen > Kitchen_Appliances > Cooking_Appliances
For_the_Home > Kitchen > Kitchen_Appliances > Cooking_Appliances > Deep_Fryers,Deep_Fryers,iphCategory,For_the_Home > Kitchen > Kitchen_Appliances > Cooking_Appliances
For_the_Home > Kitchen > Kitchen_Appliances > Cooking_Appliances > Electric_Griddles_and_Grills,Electric_Griddles_and_Grills,iphCategory,For_the_Home > Kitchen > Kitchen_Appliances > Cooking_Appliances
For_the_Home > Kitchen > Kitchen_Appliances > Cooking_Appliances > Electric_Pressure_Cookers,Electric_Pressure_Cookers,iphCategory,For_the_Home > Kitchen > Kitchen_Appliances > Cooking_Appliances
For_the_Home > Kitchen > Kitchen_Appliances > Cooking_Appliances > Electric_Skillets,Electric_Skillets,iphCategory,For_the_Home > Kitchen > Kitchen_Appliances > Cooking_Appliances
For_the_Home > Kitchen > Kitchen_Appliances > Cooking_Appliances > Slow_Cookers,Slow_Cookers,iphCategory,For_the_Home > Kitchen > Kitchen_Appliances > Cooking_Appliances
For_the_Home > Kitchen > Kitchen_Appliances > Cooking_Appliances > Toasters_and_Ovens,Toasters_and_Ovens,iphCategory,For_the_Home > Kitchen > Kitchen_Appliances > Cooking_Appliances
For_the_Home > Kitchen > Kitchen_Appliances > Food_Prep_Appliances,Food_Prep_Appliances,iphCategory,For_the_Home > Kitchen > Kitchen_Appliances
For_the_Home > Kitchen > Kitchen_Appliances > Food_Prep_Appliances > Blenders,Blenders,iphCategory,For_the_Home > Kitchen > Kitchen_Appliances > Food_Prep_Appliances
For_the_Home > Kitchen > Kitchen_Appliances > Food_Prep_Appliances > Electric_Can_Openers,Electric_Can_Openers,iphCategory,For_the_Home > Kitchen > Kitchen_Appliances > Food_Prep_Appliances
For_the_Home > Kitchen > Kitchen_Appliances > Food_Prep_Appliances > Electric_Food_Slicers,Electric_Food_Slicers,iphCategory,For_the_Home > Kitchen > Kitchen_Appliances > Food_Prep_Appliances
For_the_Home > Kitchen > Kitchen_Appliances > Food_Prep_Appliances > Electric_Knife_Sharpeners,Electric_Knife_Sharpeners,iphCategory,For_the_Home > Kitchen > Kitchen_Appliances > Food_Prep_Appliances
For_the_Home > Kitchen > Kitchen_Appliances > Food_Prep_Appliances > Food_Processors_and_Choppers,Food_Processors_and_Choppers,iphCategory,For_the_Home > Kitchen > Kitchen_Appliances > Food_Prep_Appliances
For_the_Home > Kitchen > Kitchen_Appliances > Food_Prep_Appliances > Hand_Mixers_and_Immersion_Blenders,Hand_Mixers_and_Immersion_Blenders,iphCategory,For_the_Home > Kitchen > Kitchen_Appliances > Food_Prep_Appliances
For_the_Home > Kitchen > Kitchen_Appliances > Food_Prep_Appliances > Juicers,Juicers,iphCategory,For_the_Home > Kitchen > Kitchen_Appliances > Food_Prep_Appliances
For_the_Home > Kitchen > Kitchen_Appliances > Food_Prep_Appliances > Mixer_Attachments_and_Accessories,Mixer_Attachments_and_Accessories,iphCategory,For_the_Home > Kitchen > Kitchen_Appliances > Food_Prep_Appliances
For_the_Home > Kitchen > Kitchen_Appliances > Food_Prep_Appliances > Sets,Sets,iphCategory,For_the_Home > Kitchen > Kitchen_Appliances > Food_Prep_Appliances
For_the_Home > Kitchen > Kitchen_Appliances > Food_Prep_Appliances > Stand_Mixers,Stand_Mixers,iphCategory,For_the_Home > Kitchen > Kitchen_Appliances > Food_Prep_Appliances
For_the_Home > Kitchen > Kitchen_Appliances > Serving_Appliances,Serving_Appliances,iphCategory,For_the_Home > Kitchen > Kitchen_Appliances
For_the_Home > Kitchen > Kitchen_Appliances > Serving_Appliances > Beverage_Serving_Appliances,Beverage_Serving_Appliances,iphCategory,For_the_Home > Kitchen > Kitchen_Appliances > Serving_Appliances
For_the_Home > Kitchen > Kitchen_Appliances > Serving_Appliances > Buffet_Stations_and_Warmers,Buffet_Stations_and_Warmers,iphCategory,For_the_Home > Kitchen > Kitchen_Appliances > Serving_Appliances
For_the_Home > Kitchen > Kitchen_Appliances > Serving_Appliances > Dessert_Fountains,Dessert_Fountains,iphCategory,For_the_Home > Kitchen > Kitchen_Appliances > Serving_Appliances
For_the_Home > Kitchen > Kitchen_Appliances > Serving_Appliances > Electric_Knives,Electric_Knives,iphCategory,For_the_Home > Kitchen > Kitchen_Appliances > Serving_Appliances
For_the_Home > Kitchen > Kitchen_Appliances > Specialty_Appliances,Specialty_Appliances,iphCategory,For_the_Home > Kitchen > Kitchen_Appliances
For_the_Home > Kitchen > Kitchen_Appliances > Specialty_Appliances > Beverage_Makers,Beverage_Makers,iphCategory,For_the_Home > Kitchen > Kitchen_Appliances > Specialty_Appliances
For_the_Home > Kitchen > Kitchen_Appliances > Specialty_Appliances > Bread_Machines,Bread_Machines,iphCategory,For_the_Home > Kitchen > Kitchen_Appliances > Specialty_Appliances
For_the_Home > Kitchen > Kitchen_Appliances > Specialty_Appliances > Food_Dehydrators,Food_Dehydrators,iphCategory,For_the_Home > Kitchen > Kitchen_Appliances > Specialty_Appliances
For_the_Home > Kitchen > Kitchen_Appliances > Specialty_Appliances > Frozen_Beverage_Makers,Frozen_Beverage_Makers,iphCategory,For_the_Home > Kitchen > Kitchen_Appliances > Specialty_Appliances
For_the_Home > Kitchen > Kitchen_Appliances > Specialty_Appliances > Ice_Cream_and_Dessert_Makers,Ice_Cream_and_Dessert_Makers,iphCategory,For_the_Home > Kitchen > Kitchen_Appliances > Specialty_Appliances
For_the_Home > Kitchen > Kitchen_Appliances > Specialty_Appliances > Popcorn_Makers,Popcorn_Makers,iphCategory,For_the_Home > Kitchen > Kitchen_Appliances > Specialty_Appliances
For_the_Home > Kitchen > Kitchen_Appliances > Specialty_Appliances > Specialty_Food_Makers,Specialty_Food_Makers,iphCategory,For_the_Home > Kitchen > Kitchen_Appliances > Specialty_Appliances
For_the_Home > Kitchen > Kitchen_Appliances > Specialty_Appliances > Steamers_and_Rice_Cookers,Steamers_and_Rice_Cookers,iphCategory,For_the_Home > Kitchen > Kitchen_Appliances > Specialty_Appliances
For_the_Home > Kitchen > Kitchen_Appliances > Specialty_Appliances > Vacuum_Sealers_and_Accessories,Vacuum_Sealers_and_Accessories,iphCategory,For_the_Home > Kitchen > Kitchen_Appliances > Specialty_Appliances
For_the_Home > Kitchen > Kitchen_Appliances > Specialty_Appliances > Waffle_Makers,Waffle_Makers,iphCategory,For_the_Home > Kitchen > Kitchen_Appliances > Specialty_Appliances
For_the_Home > Kitchen > Kitchen_Appliances > Specialty_Appliances > Yogurt_Makers,Yogurt_Makers,iphCategory,For_the_Home > Kitchen > Kitchen_Appliances > Specialty_Appliances
For_the_Home > Kitchen > Kitchen_Linens,Kitchen_Linens,iphCategory,For_the_Home > Kitchen
For_the_Home > Kitchen > Kitchen_Linens > Kitchen_Linen_Sets,Kitchen_Linen_Sets,iphCategory,For_the_Home > Kitchen > Kitchen_Linens
For_the_Home > Kitchen > Kitchen_Linens > Kitchen_Towels,Kitchen_Towels,iphCategory,For_the_Home > Kitchen > Kitchen_Linens
For_the_Home > Kitchen > Kitchen_Linens > Pot_Holders_and_Oven_Mitts,Pot_Holders_and_Oven_Mitts,iphCategory,For_the_Home > Kitchen > Kitchen_Linens
For_the_Home > Kitchen > Kitchen_Organization,Kitchen_Organization,iphCategory,For_the_Home > Kitchen
For_the_Home > Kitchen > Kitchen_Organization > Cabinet_Organizers,Cabinet_Organizers,iphCategory,For_the_Home > Kitchen > Kitchen_Organization
For_the_Home > Kitchen > Kitchen_Organization > Cooking_Utensil_Holders,Cooking_Utensil_Holders,iphCategory,For_the_Home > Kitchen > Kitchen_Organization
For_the_Home > Kitchen > Kitchen_Organization > Drawer_Organizers,Drawer_Organizers,iphCategory,For_the_Home > Kitchen > Kitchen_Organization
For_the_Home > Kitchen > Kitchen_Organization > Lazy_Susans,Lazy_Susans,iphCategory,For_the_Home > Kitchen > Kitchen_Organization
For_the_Home > Kitchen > Kitchen_Organization > Paper_Towel_Holders,Paper_Towel_Holders,iphCategory,For_the_Home > Kitchen > Kitchen_Organization
For_the_Home > Kitchen > Kitchen_Organization > Pot_Racks,Pot_Racks,iphCategory,For_the_Home > Kitchen > Kitchen_Organization
For_the_Home > Kitchen > Kitchen_Organization > Recipe_Organizers,Recipe_Organizers,iphCategory,For_the_Home > Kitchen > Kitchen_Organization
For_the_Home > Kitchen > Kitchen_Organization > Sink_Organizers,Sink_Organizers,iphCategory,For_the_Home > Kitchen > Kitchen_Organization
For_the_Home > Kitchen > Kitchen_Organization > Spice_Racks,Spice_Racks,iphCategory,For_the_Home > Kitchen > Kitchen_Organization
For_the_Home > Kitchen > Kitchen_Tools_and_Utensils,Kitchen_Tools_and_Utensils,iphCategory,For_the_Home > Kitchen
For_the_Home > Kitchen > Kitchen_Tools_and_Utensils > Baking_and_Decorating_Tools,Baking_and_Decorating_Tools,iphCategory,For_the_Home > Kitchen > Kitchen_Tools_and_Utensils
For_the_Home > Kitchen > Kitchen_Tools_and_Utensils > Can_Openers,Can_Openers,iphCategory,For_the_Home > Kitchen > Kitchen_Tools_and_Utensils
For_the_Home > Kitchen > Kitchen_Tools_and_Utensils > Chopping_and_Slicing_Tools,Chopping_and_Slicing_Tools,iphCategory,For_the_Home > Kitchen > Kitchen_Tools_and_Utensils
For_the_Home > Kitchen > Kitchen_Tools_and_Utensils > Colanders_and_Strainers,Colanders_and_Strainers,iphCategory,For_the_Home > Kitchen > Kitchen_Tools_and_Utensils
For_the_Home > Kitchen > Kitchen_Tools_and_Utensils > Cooking_Utensils,Cooking_Utensils,iphCategory,For_the_Home > Kitchen > Kitchen_Tools_and_Utensils
For_the_Home > Kitchen > Kitchen_Tools_and_Utensils > Food_Scales,Food_Scales,iphCategory,For_the_Home > Kitchen > Kitchen_Tools_and_Utensils
For_the_Home > Kitchen > Kitchen_Tools_and_Utensils > Graters,Graters,iphCategory,For_the_Home > Kitchen > Kitchen_Tools_and_Utensils
For_the_Home > Kitchen > Kitchen_Tools_and_Utensils > Measuring_Cups,Measuring_Cups,iphCategory,For_the_Home > Kitchen > Kitchen_Tools_and_Utensils
For_the_Home > Kitchen > Kitchen_Tools_and_Utensils > Measuring_Spoons_and_Scoops,Measuring_Spoons_and_Scoops,iphCategory,For_the_Home > Kitchen > Kitchen_Tools_and_Utensils
For_the_Home > Kitchen > Kitchen_Tools_and_Utensils > Mixing_and_Prep_Bowls,Mixing_and_Prep_Bowls,iphCategory,For_the_Home > Kitchen > Kitchen_Tools_and_Utensils
For_the_Home > Kitchen > Kitchen_Tools_and_Utensils > Peelers,Peelers,iphCategory,For_the_Home > Kitchen > Kitchen_Tools_and_Utensils
For_the_Home > Kitchen > Kitchen_Tools_and_Utensils > Pizza_Tools,Pizza_Tools,iphCategory,For_the_Home > Kitchen > Kitchen_Tools_and_Utensils
For_the_Home > Kitchen > Kitchen_Tools_and_Utensils > Scrubs_and_Brushes,Scrubs_and_Brushes,iphCategory,For_the_Home > Kitchen > Kitchen_Tools_and_Utensils
For_the_Home > Kitchen > Kitchen_Tools_and_Utensils > Seasoning_and_Spice_Tools,Seasoning_and_Spice_Tools,iphCategory,For_the_Home > Kitchen > Kitchen_Tools_and_Utensils
For_the_Home > Kitchen > Kitchen_Tools_and_Utensils > Specialty_Kitchen_Gadgets,Specialty_Kitchen_Gadgets,iphCategory,For_the_Home > Kitchen > Kitchen_Tools_and_Utensils
For_the_Home > Kitchen > Kitchen_Tools_and_Utensils > Thermometers_and_Timers,Thermometers_and_Timers,iphCategory,For_the_Home > Kitchen > Kitchen_Tools_and_Utensils
For_the_Home > Kitchen > Kitchen_Tools_and_Utensils > Tool_and_Utensil_Sets,Tool_and_Utensil_Sets,iphCategory,For_the_Home > Kitchen > Kitchen_Tools_and_Utensils
For_the_Home > Personal_Care,Personal_Care,iphCategory,For_the_Home
For_the_Home > Personal_Care > Bath_Scales,Bath_Scales,iphCategory,For_the_Home > Personal_Care
For_the_Home > Personal_Care > Dental_Care,Dental_Care,iphCategory,For_the_Home > Personal_Care
For_the_Home > Personal_Care > Dental_Care > Toothbrush_Heads,Toothbrush_Heads,iphCategory,For_the_Home > Personal_Care > Dental_Care
For_the_Home > Personal_Care > Dental_Care > Toothbrushes,Toothbrushes,iphCategory,For_the_Home > Personal_Care > Dental_Care
For_the_Home > Personal_Care > Dental_Care > Waterpicks,Waterpicks,iphCategory,For_the_Home > Personal_Care > Dental_Care
For_the_Home > Personal_Care > Health_and_Fitness,Health_and_Fitness,iphCategory,For_the_Home > Personal_Care
For_the_Home > Personal_Care > Health_and_Fitness > Activity_Trackers,Activity_Trackers,iphCategory,For_the_Home > Personal_Care > Health_and_Fitness
For_the_Home > Personal_Care > Health_and_Fitness > Pill_Boxes,Pill_Boxes,iphCategory,For_the_Home > Personal_Care > Health_and_Fitness
For_the_Home > Personal_Care > Shavers_and_Trimmers,Shavers_and_Trimmers,iphCategory,For_the_Home > Personal_Care
For_the_Home > Personal_Care > Shavers_and_Trimmers > Electric_Razors,Electric_Razors,iphCategory,For_the_Home > Personal_Care > Shavers_and_Trimmers
For_the_Home > Personal_Care > Shavers_and_Trimmers > Hair_Clippers,Hair_Clippers,iphCategory,For_the_Home > Personal_Care > Shavers_and_Trimmers
For_the_Home > Personal_Care > Shavers_and_Trimmers > Hair_Trimmers,Hair_Trimmers,iphCategory,For_the_Home > Personal_Care > Shavers_and_Trimmers
For_the_Home > Personal_Care > Specialty_Care,Specialty_Care,iphCategory,For_the_Home > Personal_Care
For_the_Home > Personal_Care > Specialty_Care > Foot_Spas,Foot_Spas,iphCategory,For_the_Home > Personal_Care > Specialty_Care
For_the_Home > Personal_Care > Specialty_Care > Humidifiers,Humidifiers,iphCategory,For_the_Home > Personal_Care > Specialty_Care
For_the_Home > Rugs,Rugs,iphCategory,For_the_Home
For_the_Home > Rugs > Accent_Rugs,Accent_Rugs,iphCategory,For_the_Home > Rugs
For_the_Home > Rugs > Area_Rugs,Area_Rugs,iphCategory,For_the_Home > Rugs
For_the_Home > Rugs > Kitchen_Mats,Kitchen_Mats,iphCategory,For_the_Home > Rugs
For_the_Home > Rugs > Rug_Pads,Rug_Pads,iphCategory,For_the_Home > Rugs
For_the_Home > Summer_Shop > Beach_Chairs,Beach_Chairs,iphCategory,For_the_Home > Summer_Shop
For_the_Home > Summer_Shop > Carts,Carts,iphCategory,For_the_Home > Summer_Shop
For_the_Home > Summer_Shop > Koozies,Koozies,iphCategory,For_the_Home > Summer_Shop
For_the_Home > Summer_Shop > Pool_Floats,Pool_Floats,iphCategory,For_the_Home > Summer_Shop
For_the_Home > Summer_Shop > Tents,Tents,iphCategory,For_the_Home > Summer_Shop
For_the_Home > Window_Treatments,Window_Treatments,iphCategory,For_the_Home
For_the_Home > Window_Treatments > Curtain_Rods_and_Clips,Curtain_Rods_and_Clips,iphCategory,For_the_Home > Window_Treatments
For_the_Home > Window_Treatments > Curtains_and_Drapes,Curtains_and_Drapes,iphCategory,For_the_Home > Window_Treatments
For_the_Home > Window_Treatments > Curtains_and_Drapes > Indoor,Indoor,iphCategory,For_the_Home > Window_Treatments > Curtains_and_Drapes
For_the_Home > Window_Treatments > Curtains_and_Drapes > Kids,Kids,iphCategory,For_the_Home > Window_Treatments > Curtains_and_Drapes
For_the_Home > Window_Treatments > Curtains_and_Drapes > Outdoor,Outdoor,iphCategory,For_the_Home > Window_Treatments > Curtains_and_Drapes
For_the_Home > Window_Treatments > Valances,Valances,iphCategory,For_the_Home > Window_Treatments
For_the_Home > Window_Treatments > Window_Treatment_Sets,Window_Treatment_Sets,iphCategory,For_the_Home > Window_Treatments
Juniors,Juniors,iphCategory,""
Juniors > Coats,Coats,iphCategory,Juniors
Juniors > Coats > Cape,Cape,iphCategory,Juniors > Coats
Juniors > Coats > Duffle,Duffle,iphCategory,Juniors > Coats
Juniors > Coats > Parka,Parka,iphCategory,Juniors > Coats
Juniors > Coats > Peacoat,Peacoat,iphCategory,Juniors > Coats
Juniors > Coats > Puffer,Puffer,iphCategory,Juniors > Coats
Juniors > Coats > Raincoat,Raincoat,iphCategory,Juniors > Coats
Juniors > Coats > Trench,Trench,iphCategory,Juniors > Coats
Juniors > Coats > Vest,Vest,iphCategory,Juniors > Coats
Juniors > Dresses,Dresses,iphCategory,Juniors
Juniors > Jackets_and_Blazers,Jackets_and_Blazers,iphCategory,Juniors
Juniors > Jeans,Jeans,iphCategory,Juniors
Juniors > Jumpsuits_and_Rompers,Jumpsuits_and_Rompers,iphCategory,Juniors
Juniors > Pants_and_Leggings,Pants_and_Leggings,iphCategory,Juniors
Juniors > Pants_and_Leggings > Active_and_Yoga_Pants,Active_and_Yoga_Pants,iphCategory,Juniors > Pants_and_Leggings
Juniors > Pants_and_Leggings > Capris_and_Culottes,Capris_and_Culottes,iphCategory,Juniors > Pants_and_Leggings
Juniors > Pants_and_Leggings > Leggings,Leggings,iphCategory,Juniors > Pants_and_Leggings
Juniors > Pants_and_Leggings > Trousers,Trousers,iphCategory,Juniors > Pants_and_Leggings
Juniors > Shorts,Shorts,iphCategory,Juniors
Juniors > Skirts,Skirts,iphCategory,Juniors
Juniors > Sweaters_and_Hoodies,Sweaters_and_Hoodies,iphCategory,Juniors
Juniors > Swimwear,Swimwear,iphCategory,Juniors
Juniors > Swimwear > Cover_Ups,Cover_Ups,iphCategory,Juniors > Swimwear
Juniors > Swimwear > One_Piece,One_Piece,iphCategory,Juniors > Swimwear
Juniors > Swimwear > Two_Piece_Bottoms,Two_Piece_Bottoms,iphCategory,Juniors > Swimwear
Juniors > Swimwear > Two_Piece_Tops,Two_Piece_Tops,iphCategory,Juniors > Swimwear
Juniors > Tops,Tops,iphCategory,Juniors
Juniors > Tops > Blouses,Blouses,iphCategory,Juniors > Tops
Juniors > Tops > Button_Down_and_Collared,Button_Down_and_Collared,iphCategory,Juniors > Tops
Juniors > Tops > Kimonos_and_Dusters,Kimonos_and_Dusters,iphCategory,Juniors > Tops
Juniors > Tops > Pullovers_and_Sweatshirts,Pullovers_and_Sweatshirts,iphCategory,Juniors > Tops
Juniors > Tops > Tanks_and_Camisoles,Tanks_and_Camisoles,iphCategory,Juniors > Tops
Juniors > Tops > TShirts,TShirts,iphCategory,Juniors > Tops
Juniors > Tops > Tunics,Tunics,iphCategory,Juniors > Tops
Men,Men,iphCategory,""
Men > Coats_and_Jackets,Coats_and_Jackets,iphCategory,Men
Men > Coats_and_Jackets > Athletic,Athletic,iphCategory,Men > Coats_and_Jackets
Men > Coats_and_Jackets > Bomber,Bomber,iphCategory,Men > Coats_and_Jackets
Men > Coats_and_Jackets > Denim,Denim,iphCategory,Men > Coats_and_Jackets
Men > Coats_and_Jackets > Military,Military,iphCategory,Men > Coats_and_Jackets
Men > Coats_and_Jackets > Motorcycle,Motorcycle,iphCategory,Men > Coats_and_Jackets
Men > Coats_and_Jackets > Peacoat,Peacoat,iphCategory,Men > Coats_and_Jackets
Men > Coats_and_Jackets > Puffers,Puffers,iphCategory,Men > Coats_and_Jackets
Men > Coats_and_Jackets > Raincoat,Raincoat,iphCategory,Men > Coats_and_Jackets
Men > Coats_and_Jackets > Vests,Vests,iphCategory,Men > Coats_and_Jackets
Men > Coats_and_Jackets > Windbreaker,Windbreaker,iphCategory,Men > Coats_and_Jackets
Men > Jeans,Jeans,iphCategory,Men
Men > Pants,Pants,iphCategory,Men
Men > Pants > Athletic,Athletic,iphCategory,Men > Pants
Men > Pants > Casual,Casual,iphCategory,Men > Pants
Men > Pants > Dress,Dress,iphCategory,Men > Pants
Men > Sets,Sets,iphCategory,Men
Men > Shirts,Shirts,iphCategory,Men
Men > Shirts > Casual_Shirts,Casual_Shirts,iphCategory,Men > Shirts
Men > Shirts > Casual_Shirts > Button_Down,Button_Down,iphCategory,Men > Shirts > Casual_Shirts
Men > Shirts > Casual_Shirts > Pullovers,Pullovers,iphCategory,Men > Shirts > Casual_Shirts
Men > Shirts > Dress_Shirts,Dress_Shirts,iphCategory,Men > Shirts
Men > Shirts > Polo_Shirts,Polo_Shirts,iphCategory,Men > Shirts
Men > Shirts > T_Shirts,T_Shirts,iphCategory,Men > Shirts
Men > Shorts,Shorts,iphCategory,Men
Men > Sleepwear,Sleepwear,iphCategory,Men
Men > Sleepwear > Loungewear,Loungewear,iphCategory,Men > Sleepwear
Men > Sleepwear > Pajamas,Pajamas,iphCategory,Men > Sleepwear
Men > Sleepwear > Robes,Robes,iphCategory,Men > Sleepwear
Men > Suits_and_Sportcoats,Suits_and_Sportcoats,iphCategory,Men
Men > Suits_and_Sportcoats > Blazers_and_Sportcoats,Blazers_and_Sportcoats,iphCategory,Men > Suits_and_Sportcoats
Men > Suits_and_Sportcoats > Formal_Suits,Formal_Suits,iphCategory,Men > Suits_and_Sportcoats
Men > Suits_and_Sportcoats > Separate_Suit_Jackets,Separate_Suit_Jackets,iphCategory,Men > Suits_and_Sportcoats
Men > Suits_and_Sportcoats > Separate_Suit_Pants,Separate_Suit_Pants,iphCategory,Men > Suits_and_Sportcoats
Men > Suits_and_Sportcoats > Suits,Suits,iphCategory,Men > Suits_and_Sportcoats
Men > Suits_and_Sportcoats > Vests,Vests,iphCategory,Men > Suits_and_Sportcoats
Men > Sweaters,Sweaters,iphCategory,Men
Men > Sweaters > Cardigans,Cardigans,iphCategory,Men > Sweaters
Men > Sweaters > Pullovers,Pullovers,iphCategory,Men > Sweaters
Men > Sweaters > Vests,Vests,iphCategory,Men > Sweaters
Men > Sweatshirts_and_Hoodies,Sweatshirts_and_Hoodies,iphCategory,Men
Men > Swimwear,Swimwear,iphCategory,Men
Men > Swimwear > Board_Shorts,Board_Shorts,iphCategory,Men > Swimwear
Men > Swimwear > Swim_Tees,Swim_Tees,iphCategory,Men > Swimwear
Men > Swimwear > Swim_Trunks,Swim_Trunks,iphCategory,Men > Swimwear
Men > Underwear,Underwear,iphCategory,Men
Men > Underwear > Athletic,Athletic,iphCategory,Men > Underwear
Men > Underwear > Boxer_Briefs,Boxer_Briefs,iphCategory,Men > Underwear
Men > Underwear > Boxers,Boxers,iphCategory,Men > Underwear
Men > Underwear > Briefs,Briefs,iphCategory,Men > Underwear
Men > Underwear > Undershirts,Undershirts,iphCategory,Men > Underwear
Non_Merch,Non_Merch,iphCategory,""
Non_Merch > Gift_Cards,Gift_Cards,iphCategory,Non_Merch
Outdoor_Recreation,Outdoor_Recreation,iphCategory,""
Outdoor_Recreation > Camping_Gear,Camping_Gear,iphCategory,Outdoor_Recreation
Outdoor_Recreation > Camping_Gear > Outdoor_Showers,Outdoor_Showers,iphCategory,Outdoor_Recreation > Camping_Gear
Outdoor_Recreation > Camping_Gear > Sleeping_Bags,Sleeping_Bags,iphCategory,Outdoor_Recreation > Camping_Gear
Outdoor_Recreation > Camping_Gear > Sleeping_Cots,Sleeping_Cots,iphCategory,Outdoor_Recreation > Camping_Gear
Outdoor_Recreation > Camping_Gear > Sleeping_Pads_and_Liners,Sleeping_Pads_and_Liners,iphCategory,Outdoor_Recreation > Camping_Gear
Patio_and_Garden,Patio_and_Garden,iphCategory,""
Patio_and_Garden > Bird_Baths,Bird_Baths,iphCategory,Patio_and_Garden
Patio_and_Garden > Fire_Pits,Fire_Pits,iphCategory,Patio_and_Garden
Patio_and_Garden > Flags,Flags,iphCategory,Patio_and_Garden
Patio_and_Garden > Garden_Sculptures,Garden_Sculptures,iphCategory,Patio_and_Garden
Patio_and_Garden > Garden_Stones_and_Tiles,Garden_Stones_and_Tiles,iphCategory,Patio_and_Garden
Patio_and_Garden > Garden_Stools_and_Benches,Garden_Stools_and_Benches,iphCategory,Patio_and_Garden
Patio_and_Garden > Hammocks,Hammocks,iphCategory,Patio_and_Garden
Patio_and_Garden > Outdoor_Heating,Outdoor_Heating,iphCategory,Patio_and_Garden
Patio_and_Garden > Patio_Furniture,Patio_Furniture,iphCategory,Patio_and_Garden
Patio_and_Garden > Patio_Furniture > Patio_Bars,Patio_Bars,iphCategory,Patio_and_Garden > Patio_Furniture
Patio_and_Garden > Patio_Furniture > Patio_Chairs,Patio_Chairs,iphCategory,Patio_and_Garden > Patio_Furniture
Patio_and_Garden > Patio_Furniture > Patio_Cushions_and_Pillows,Patio_Cushions_and_Pillows,iphCategory,Patio_and_Garden > Patio_Furniture
Patio_and_Garden > Patio_Furniture > Patio_Furniture_Covers,Patio_Furniture_Covers,iphCategory,Patio_and_Garden > Patio_Furniture
Patio_and_Garden > Patio_Furniture > Patio_Furniture_Sets,Patio_Furniture_Sets,iphCategory,Patio_and_Garden > Patio_Furniture
Patio_and_Garden > Patio_Furniture > Patio_Loveseats,Patio_Loveseats,iphCategory,Patio_and_Garden > Patio_Furniture
Patio_and_Garden > Patio_Furniture > Patio_Ottomans,Patio_Ottomans,iphCategory,Patio_and_Garden > Patio_Furniture
Patio_and_Garden > Patio_Furniture > Patio_Sectionals,Patio_Sectionals,iphCategory,Patio_and_Garden > Patio_Furniture
Patio_and_Garden > Patio_Furniture > Patio_Sofas,Patio_Sofas,iphCategory,Patio_and_Garden > Patio_Furniture
Patio_and_Garden > Patio_Furniture > Patio_Swings_and_Gliders,Patio_Swings_and_Gliders,iphCategory,Patio_and_Garden > Patio_Furniture
Patio_and_Garden > Patio_Furniture > Patio_Tables,Patio_Tables,iphCategory,Patio_and_Garden > Patio_Furniture
Patio_and_Garden > Patio_Umbrellas,Patio_Umbrellas,iphCategory,Patio_and_Garden
Patio_and_Garden > Planters_and_Plant_Stands,Planters_and_Plant_Stands,iphCategory,Patio_and_Garden
Patio_and_Garden > Screens,Screens,iphCategory,Patio_and_Garden
Patio_and_Garden > Trellises,Trellises,iphCategory,Patio_and_Garden
Patio_and_Garden > Weather,Weather,iphCategory,Patio_and_Garden
Product_Grouping,Product_Grouping,iphCategory,""
Product_Grouping > Accessories_Collection,Accessories_Collection,iphCategory,Product_Grouping
Product_Grouping > Baby_and_Kids_Collections,Baby_and_Kids_Collections,iphCategory,Product_Grouping
Product_Grouping > Beauty_Collection,Beauty_Collection,iphCategory,Product_Grouping
Product_Grouping > For_the_Home_Collection,For_the_Home_Collection,iphCategory,Product_Grouping
Product_Grouping > Men_Collections,Men_Collections,iphCategory,Product_Grouping
Product_Grouping > Shoe_Collections,Shoe_Collections,iphCategory,Product_Grouping
Product_Grouping > Women_Collections,Women_Collections,iphCategory,Product_Grouping
Shoes,Shoes,iphCategory,""
Shoes > Kids,Kids,iphCategory,Shoes
Shoes > Kids > Boys,Boys,iphCategory,Shoes > Kids
Shoes > Kids > Boys > Athletic_Shoes,Athletic_Shoes,iphCategory,Shoes > Kids > Boys
Shoes > Kids > Boys > Boots,Boots,iphCategory,Shoes > Kids > Boys
Shoes > Kids > Boys > Casual_Shoes,Casual_Shoes,iphCategory,Shoes > Kids > Boys
Shoes > Kids > Boys > Dress_Shoes,Dress_Shoes,iphCategory,Shoes > Kids > Boys
Shoes > Kids > Boys > Flip_Flops,Flip_Flops,iphCategory,Shoes > Kids > Boys
Shoes > Kids > Boys > Sandals,Sandals,iphCategory,Shoes > Kids > Boys
Shoes > Kids > Boys > Slippers,Slippers,iphCategory,Shoes > Kids > Boys
Shoes > Kids > Girls,Girls,iphCategory,Shoes > Kids
Shoes > Kids > Girls > Athletic_Shoes,Athletic_Shoes,iphCategory,Shoes > Kids > Girls
Shoes > Kids > Girls > Boots,Boots,iphCategory,Shoes > Kids > Girls
Shoes > Kids > Girls > Casual_Shoes,Casual_Shoes,iphCategory,Shoes > Kids > Girls
Shoes > Kids > Girls > Dress_Shoes,Dress_Shoes,iphCategory,Shoes > Kids > Girls
Shoes > Kids > Girls > Flip_Flops,Flip_Flops,iphCategory,Shoes > Kids > Girls
Shoes > Kids > Girls > Sandals,Sandals,iphCategory,Shoes > Kids > Girls
Shoes > Kids > Girls > Slippers,Slippers,iphCategory,Shoes > Kids > Girls
Shoes > Kids > Kids_Shoe_Accessories,Kids_Shoe_Accessories,iphCategory,Shoes > Kids
Shoes > Men,Men,iphCategory,Shoes
Shoes > Men > Athletic_Shoes,Athletic_Shoes,iphCategory,Shoes > Men
Shoes > Men > Boots,Boots,iphCategory,Shoes > Men
Shoes > Men > Casual_Shoes,Casual_Shoes,iphCategory,Shoes > Men
Shoes > Men > Dress_Shoes,Dress_Shoes,iphCategory,Shoes > Men
Shoes > Men > Flip_Flops,Flip_Flops,iphCategory,Shoes > Men
Shoes > Men > Sandals,Sandals,iphCategory,Shoes > Men
Shoes > Men > Slippers,Slippers,iphCategory,Shoes > Men
Shoes > Shoe_Care,Shoe_Care,iphCategory,Shoes
Shoes > Women,Women,iphCategory,Shoes
Shoes > Women > Athletic_Shoes,Athletic_Shoes,iphCategory,Shoes > Women
Shoes > Women > Boots,Boots,iphCategory,Shoes > Women
Shoes > Women > Clogs_and_Mules,Clogs_and_Mules,iphCategory,Shoes > Women
Shoes > Women > Comfort,Comfort,iphCategory,Shoes > Women
Shoes > Women > Flats,Flats,iphCategory,Shoes > Women
Shoes > Women > Flip_Flops,Flip_Flops,iphCategory,Shoes > Women
Shoes > Women > Heels,Heels,iphCategory,Shoes > Women
Shoes > Women > Sandals,Sandals,iphCategory,Shoes > Women
Shoes > Women > Slippers,Slippers,iphCategory,Shoes > Women
Sports_and_Fitness,Sports_and_Fitness,iphCategory,""
Sports_and_Fitness > Sporting_Goods,Sporting_Goods,iphCategory,Sports_and_Fitness
Sports_and_Fitness > Sporting_Goods > Golf,Golf,iphCategory,Sports_and_Fitness > Sporting_Goods
Sports_and_Fitness > Sporting_Goods > Golf > Golf_Accessories,Golf_Accessories,iphCategory,Sports_and_Fitness > Sporting_Goods > Golf
Sports_and_Fitness > Sporting_Goods > Golf > Golf_Bags,Golf_Bags,iphCategory,Sports_and_Fitness > Sporting_Goods > Golf
Women,Women,iphCategory,""
Women > Coats,Coats,iphCategory,Women
Women > Coats > Cape,Cape,iphCategory,Women > Coats
Women > Coats > Duffle,Duffle,iphCategory,Women > Coats
Women > Coats > Motorcycle,Motorcycle,iphCategory,Women > Coats
Women > Coats > Parka,Parka,iphCategory,Women > Coats
Women > Coats > Peacoat,Peacoat,iphCategory,Women > Coats
Women > Coats > Puffer,Puffer,iphCategory,Women > Coats
Women > Coats > Raincoat,Raincoat,iphCategory,Women > Coats
Women > Coats > Trench,Trench,iphCategory,Women > Coats
Women > Coats > Vest,Vest,iphCategory,Women > Coats
Women > Coats > Walker,Walker,iphCategory,Women > Coats
Women > Dresses,Dresses,iphCategory,Women
Women > Jackets_and_Blazers,Jackets_and_Blazers,iphCategory,Women
Women > Jeans,Jeans,iphCategory,Women
Women > Jumpsuits_and_Rompers,Jumpsuits_and_Rompers,iphCategory,Women
Women > Lingerie,Lingerie,iphCategory,Women
Women > Lingerie > Bras,Bras,iphCategory,Women > Lingerie
Women > Lingerie > Bras > Bralette,Bralette,iphCategory,Women > Lingerie > Bras
Women > Lingerie > Bras > Bustier,Bustier,iphCategory,Women > Lingerie > Bras
Women > Lingerie > Bras > Demi,Demi,iphCategory,Women > Lingerie > Bras
Women > Lingerie > Bras > Full_Coverage,Full_Coverage,iphCategory,Women > Lingerie > Bras
Women > Lingerie > Bras > Mastectomy_and_Surgical,Mastectomy_and_Surgical,iphCategory,Women > Lingerie > Bras
Women > Lingerie > Bras > Minimizer,Minimizer,iphCategory,Women > Lingerie > Bras
Women > Lingerie > Bras > Nursing,Nursing,iphCategory,Women > Lingerie > Bras
Women > Lingerie > Bras > PushUp,PushUp,iphCategory,Women > Lingerie > Bras
Women > Lingerie > Bras > Sports_Bras,Sports_Bras,iphCategory,Women > Lingerie > Bras
Women > Lingerie > Bras > Strapless,Strapless,iphCategory,Women > Lingerie > Bras
Women > Lingerie > Bras > TShirt_Bras,TShirt_Bras,iphCategory,Women > Lingerie > Bras
Women > Lingerie > Long_Underwear,Long_Underwear,iphCategory,Women > Lingerie
Women > Lingerie > Long_Underwear > Bottoms,Bottoms,iphCategory,Women > Lingerie > Long_Underwear
Women > Lingerie > Long_Underwear > Tops,Tops,iphCategory,Women > Lingerie > Long_Underwear
Women > Lingerie > Panties,Panties,iphCategory,Women > Lingerie
Women > Lingerie > Panties > Bikini,Bikini,iphCategory,Women > Lingerie > Panties
Women > Lingerie > Panties > Boy_Short_and_Hipster,Boy_Short_and_Hipster,iphCategory,Women > Lingerie > Panties
Women > Lingerie > Panties > Brief,Brief,iphCategory,Women > Lingerie > Panties
Women > Lingerie > Panties > HiCut_Briefs,HiCut_Briefs,iphCategory,Women > Lingerie > Panties
Women > Lingerie > Panties > Seamless,Seamless,iphCategory,Women > Lingerie > Panties
Women > Lingerie > Panties > Tanga,Tanga,iphCategory,Women > Lingerie > Panties
Women > Lingerie > Panties > Thong,Thong,iphCategory,Women > Lingerie > Panties
Women > Lingerie > Shapewear,Shapewear,iphCategory,Women > Lingerie
Women > Lingerie > Shapewear > Bodysuits,Bodysuits,iphCategory,Women > Lingerie > Shapewear
Women > Lingerie > Shapewear > Control_Briefs,Control_Briefs,iphCategory,Women > Lingerie > Shapewear
Women > Lingerie > Shapewear > Control_Slips,Control_Slips,iphCategory,Women > Lingerie > Shapewear
Women > Lingerie > Shapewear > Thigh_Slimmers,Thigh_Slimmers,iphCategory,Women > Lingerie > Shapewear
Women > Lingerie > Shapewear > Waist_Cinchers,Waist_Cinchers,iphCategory,Women > Lingerie > Shapewear
Women > Lingerie > Slips_and_Camisoles,Slips_and_Camisoles,iphCategory,Women > Lingerie
Women > Lingerie > Slips_and_Camisoles,Slips_and_Camisoles,iphCategory,Women > Lingerie
Women > Lingerie > Slips_and_Camisoles > Camisoles,Camisoles,iphCategory,Women > Lingerie > Slips_and_Camisoles
Women > Lingerie > Slips_and_Camisoles > Slipshorts,Slipshorts,iphCategory,Women > Lingerie > Slips_and_Camisoles
Women > Pants_and_Leggings,Pants_and_Leggings,iphCategory,Women
Women > Pants_and_Leggings > Active_and_Yoga_Pants,Active_and_Yoga_Pants,iphCategory,Women > Pants_and_Leggings
Women > Pants_and_Leggings > Capri_Pants,Capri_Pants,iphCategory,Women > Pants_and_Leggings
Women > Pants_and_Leggings > Leggings,Leggings,iphCategory,Women > Pants_and_Leggings
Women > Pants_and_Leggings > Skinny,Skinny,iphCategory,Women > Pants_and_Leggings
Women > Pants_and_Leggings > Trousers,Trousers,iphCategory,Women > Pants_and_Leggings
Women > Sets,Sets,iphCategory,Women
Women > Shorts,Shorts,iphCategory,Women
Women > Skirts,Skirts,iphCategory,Women
Women > Sleepwear_and_Loungewear,Sleepwear_and_Loungewear,iphCategory,Women
Women > Sleepwear_and_Loungewear > Babydolls_and_Chemises,Babydolls_and_Chemises,iphCategory,Women > Sleepwear_and_Loungewear
Women > Sleepwear_and_Loungewear > Nightgowns_and_Sleep_Shirts,Nightgowns_and_Sleep_Shirts,iphCategory,Women > Sleepwear_and_Loungewear
Women > Sleepwear_and_Loungewear > Pajama_Sets,Pajama_Sets,iphCategory,Women > Sleepwear_and_Loungewear
Women > Sleepwear_and_Loungewear > Pants,Pants,iphCategory,Women > Sleepwear_and_Loungewear
Women > Sleepwear_and_Loungewear > Robes,Robes,iphCategory,Women > Sleepwear_and_Loungewear
Women > Sleepwear_and_Loungewear > Tops,Tops,iphCategory,Women > Sleepwear_and_Loungewear
Women > Suits_and_Separates,Suits_and_Separates,iphCategory,Women
Women > Suits_and_Separates > Dress_Suit_Sets,Dress_Suit_Sets,iphCategory,Women > Suits_and_Separates
Women > Suits_and_Separates > Pant_Suit_Sets,Pant_Suit_Sets,iphCategory,Women > Suits_and_Separates
Women > Suits_and_Separates > Skirt_Suit_Sets,Skirt_Suit_Sets,iphCategory,Women > Suits_and_Separates
Women > Suits_and_Separates > Suit_Separates,Suit_Separates,iphCategory,Women > Suits_and_Separates
Women > Suits_and_Separates > Suit_Separates > Suit_Dresses,Suit_Dresses,iphCategory,Women > Suits_and_Separates > Suit_Separates
Women > Suits_and_Separates > Suit_Separates > Suit_Jackets,Suit_Jackets,iphCategory,Women > Suits_and_Separates > Suit_Separates
Women > Suits_and_Separates > Suit_Separates > Suit_Pants,Suit_Pants,iphCategory,Women > Suits_and_Separates > Suit_Separates
Women > Suits_and_Separates > Suit_Separates > Suit_Skirts,Suit_Skirts,iphCategory,Women > Suits_and_Separates > Suit_Separates
Women > Sweaters_and_Hoodies,Sweaters_and_Hoodies,iphCategory,Women
Women > Swimwear,Swimwear,iphCategory,Women
Women > Swimwear > Cover_Ups,Cover_Ups,iphCategory,Women > Swimwear
Women > Swimwear > One_Piece,One_Piece,iphCategory,Women > Swimwear
Women > Swimwear > Two_Piece_Bottoms,Two_Piece_Bottoms,iphCategory,Women > Swimwear
Women > Swimwear > Two_Piece_Tops,Two_Piece_Tops,iphCategory,Women > Swimwear
Women > Tops,Tops,iphCategory,Women
Women > Tops > Blouses,Blouses,iphCategory,Women > Tops
Women > Tops > Button_Down_and_Collared,Button_Down_and_Collared,iphCategory,Women > Tops
Women > Tops > Kimonos_and_Dusters,Kimonos_and_Dusters,iphCategory,Women > Tops
Women > Tops > Pullovers_and_Sweatshirts,Pullovers_and_Sweatshirts,iphCategory,Women > Tops
Women > Tops > Tanks_and_Camisoles,Tanks_and_Camisoles,iphCategory,Women > Tops
Women > Tops > TShirts,TShirts,iphCategory,Women > Tops
Women > Tops > Tunics,Tunics,iphCategory,Women > Tops
