product_id,display_name,enableCompare,Is Category Attribute?,online-flag,showInMenu,salsify:profile_asset_id
beauty-bath-body-soaps-body-washes,Soaps & Body Washes,,Yes,Yes,,
beauty-fragrances-deoderants-powders,Deoderants &amp; Powders,,Yes,Yes,,
beauty-hair-care,Hair Care,,Yes,Yes,Yes,
beauty-hair-care-hair-styling-tools-flat-irons,Flat Irons,,Yes,Yes,,
beauty-hair-care-styling-products,Styling Products,,Yes,Yes,,
beauty-makeup-eye-makeup-brows,Brows,,Yes,Yes,,
beauty-makeup-eye-makeup-eye-base-primer,Eye Base &amp; Primer,,Yes,Yes,,
beauty-makeup-eye-makeup-mascara,Mascara,,Yes,Yes,,
beauty-makeup-face-makeup-blush,Blush,,Yes,Yes,Yes,
beauty-makeup-face-makeup-foundation,Foundation,No,Yes,Yes,Yes,
beauty-makeup-face-makeup-luminizer,Luminizer,,Yes,Yes,Yes,
beauty-makeup-face-makeup-primer,Primer,,Yes,Yes,Yes,
beauty-makeup-lipsticks-liners-glosses-lip-balm,Lip Balm,,Yes,Yes,,
beauty-makeup-lipsticks-liners-glosses-lip-gloss,Lip Gloss,,Yes,Yes,,
beauty-makeup-lipsticks-liners-glosses-lip-stick,Lip Stick,,Yes,Yes,,
beauty-makeup-makeup-removers,Makeup Removers,,Yes,Yes,,
beauty-makeup-makeup-tools,Makeup Tools,,Yes,Yes,,
beauty-mens-grooming-mens-hair-body-care-mens-soap-body-wash,Men's Soap &amp; Body Wash,,Yes,Yes,,
beauty-mens-grooming-mens-skin-care-mens-skin-treatments,Men's Skin Treatments,,Yes,Yes,,
beauty-mens-grooming-shaving-hair-removal-hair-trimmers-clippers,Hair Trimmers &amp; Clippers,,Yes,Yes,,
beauty-mens-grooming-shaving-hair-removal-shaving-creams-oils,Shaving Creams &amp; Oils,,Yes,Yes,,
beauty-nails-manicure-pedicure-tools,Manicure &amp; Pedicure Tools,,Yes,Yes,,
beauty-nails-nail-gift-sets,Nail Gift Sets,,Yes,Yes,,
beauty-skin-care-cleansers-face-wash,Face Wash,,Yes,Yes,,
beauty-skin-care-cleansers-makeup-removers,Makeup Removers,,Yes,Yes,,
beauty-skin-care-moisturizers-lip-moisturizers,Lip Moisturizers,,Yes,Yes,,
beauty-skin-care-moisturizers-tinted-moisturizers,Tinted Moisturizers,,Yes,Yes,,
beauty-skin-care-skin-care-tools-accessories,Skin Care Tools &amp; Accessories,,Yes,Yes,,
beauty-skin-care-treatments-serums-face-treatments-serums,Face Treatments &amp; Serums,,Yes,Yes,,
beauty-skin-care-treatments-serums-masks,Masks,,Yes,Yes,,
bed-bath-bath-shower-curtains,Shower Curtains,,Yes,Yes,,
bed-bath-bedding,Bedding,,Yes,Yes,,
bed-bath-bedding-bed-in-a-bag,Bed in a Bag,,Yes,Yes,,
bed-bath-bedding-bed-skirts,Bed Skirts,,Yes,Yes,,
bed-bath-bedding-comforters,Comforters,,Yes,Yes,,
bed-bath-bedding-duvet-covers,Duvet Covers,,Yes,Yes,,
bed-bath-bedding-basics-bed-pillows,Bed Pillows,,Yes,Yes,,
bed-bath-bedding-basics-blankets,Blankets,,Yes,Yes,,
bed-bath-bedding-basics-mattress-toppers-pads,Mattress Toppers &amp; Pads,,Yes,Yes,,
for-the-home-coffee-tea-espresso,"Coffee, Tea &amp; Espresso",,Yes,Yes,,
for-the-home-coffee-tea-espresso-coffee-grinders,Coffee Grinders,,Yes,Yes,,
for-the-home-coffee-tea-espresso-coffee-mugs-cups,Coffee Mugs &amp; Cups,,Yes,Yes,,
for-the-home-coffee-tea-espresso-tea-cups,Tea Cups,,Yes,Yes,,
for-the-home-dining-dinnerware-sets,Dinnerware Sets,,Yes,Yes,,
for-the-home-dining-drinkware,Drinkware,,Yes,Yes,,
for-the-home-dining-drinkware-beer-glasses-mugs-steins,"Beer Glasses, Mugs &amp; Steins",,Yes,Yes,,
for-the-home-dining-drinkware-casual-glassware,Casual Glassware,,Yes,Yes,,
for-the-home-dining-drinkware-cocktail-glasses,Cocktail Glasses,,Yes,Yes,,
for-the-home-dining-drinkware-tea-cups,Tea Cups,,Yes,Yes,,
for-the-home-dining-drinkware-travel-mugs-water-bottles,Travel Mugs &amp; Water Bottles,,Yes,Yes,,
for-the-home-dining-serveware-condiment-sets,Condiment Sets,,Yes,Yes,,
for-the-home-dining-serveware-platters,Platters,,Yes,Yes,,
for-the-home-electronics-clocks-weather-stations,Clocks &amp; Weather Stations,,Yes,Yes,,
for-the-home-electronics-fans-space-heaters,Fans &amp; Space Heaters,,Yes,Yes,,
for-the-home-electronics-music-audio,Music &amp; Audio,,Yes,Yes,,
for-the-home-electronics-tech-accessories,Tech Accessories,,Yes,Yes,,
for-the-home-electronics-tv-video,TV &amp; Video,,Yes,Yes,,
for-the-home-furniture-air-mattresses,Air Mattresses,,Yes,Yes,,
for-the-home-furniture-buffets-servers,Buffets &amp; Servers,,Yes,Yes,,
for-the-home-furniture-ottomans,Ottomans,,Yes,Yes,,
for-the-home-furniture-wine-racks-cabinets,Wine Racks &amp; Cabinets,,Yes,Yes,,
for-the-home-gourmet-food-gifts,Gourmet Food &amp; Gifts,,Yes,Yes,,
for-the-home-home-decor,Home D&eacute;cor,,Yes,Yes,,
for-the-home-home-decor-candles-home-fragrance,Candles &amp; Home Fragrance,,Yes,Yes,,
for-the-home-home-decor-decorative-accents,Decorative Accents,,Yes,Yes,,
for-the-home-home-decor-decorative-baskets,Decorative Baskets,,Yes,Yes,,
for-the-home-home-decor-rugs-rug-pads,Rug Pads,,Yes,Yes,,
for-the-home-kitchen-bakeware,Bakeware,,Yes,Yes,,
for-the-home-kitchen-cutlery-cutting-boards,Cutting Boards,,Yes,Yes,,
for-the-home-kitchen-cutlery-knife-sharpeners,Knife Sharpeners,,Yes,Yes,,
for-the-home-kitchen-kitchen-appliances-coffee-grinders,Coffee Grinders,,Yes,Yes,,
for-the-home-kitchen-kitchen-appliances-dehydrators,Dehydrators,,Yes,Yes,,
for-the-home-kitchen-kitchen-appliances-electric-grills-griddles,Electric Grills &amp; Griddles,,Yes,Yes,,
for-the-home-kitchen-kitchen-appliances-mini-refrigerators,Mini Refrigerators,,Yes,Yes,,
for-the-home-kitchen-kitchen-appliances-popcorn-makers,Popcorn Makers,,Yes,Yes,,
for-the-home-kitchen-kitchen-appliances-rotisseries,Rotisseries,,Yes,Yes,,
for-the-home-kitchen-kitchen-appliances-slow-cookers,Slow Cookers,,Yes,Yes,,
for-the-home-kitchen-kitchen-appliances-stand-mixer-attachments,Stand Mixer Attachments,,Yes,Yes,,
for-the-home-kitchen-kitchen-appliances-teapots-kettles-brewers,"Teapots, Kettles &amp; Brewers",,Yes,Yes,,
for-the-home-kitchen-kitchen-gadgets-timers,Timers,,Yes,Yes,,
for-the-home-kitchen-kitchen-gadgets-utensils,Utensils,,Yes,Yes,,
for-the-home-kitchen-kitchen-linens-rugs-kitchen-towels,Kitchen Towels,,Yes,Yes,,
for-the-home-kitchen-kitchen-linens-rugs-trivets,Trivets,,Yes,Yes,,
for-the-home-kitchen-kitchen-storage-organization,Kitchen Storage &amp; Organization,,Yes,Yes,,
for-the-home-kitchen-kitchen-storage-organization-canisters,Canisters,,Yes,Yes,,
for-the-home-kitchen-kitchen-storage-organization-pot-racks-hooks,Pot Racks &amp; Hooks,,Yes,Yes,,
for-the-home-organization-cleaning-garment-steamers,Garment Steamers,,Yes,Yes,,
for-the-home-organization-cleaning-ironing-boards,Ironing Boards,,Yes,Yes,,
for-the-home-personal-care,Personal Care,,Yes,Yes,,
for-the-home-personal-care-activity-trackers,Activity Trackers,,Yes,Yes,,
for-the-home-personal-care-spa-massage,Spa &amp; Massage,,Yes,Yes,,
for-the-home-travel-backpacks,Backpacks,,Yes,Yes,,
for-the-home-travel-laptop-cases-briefcases,Laptop Cases &amp; Briefcases,,Yes,Yes,,
for-the-home-travel-travel-accessories,Travel Accessories,,Yes,Yes,,
for-the-home-travel-travel-throws-pillows,Travel Throws &amp; Pillows,,Yes,Yes,,
for-the-home-window-treatments-window-hardware,Window Hardware,,Yes,Yes,,
handbags-accessories-womens-accessories-womens-hats,Women's Hats,,Yes,Yes,,
handbags-accessories-womens-accessories-womens-socks,Women's Socks,,Yes,Yes,,
handbags-accessories-womens-accessories-womens-sunglasses-eyewear-womens-eyewear-accessories,Women's Eyewear Accessories,,Yes,Yes,,
handbags-accessories-womens-accessories-womens-sunglasses-eyewear-womens-reading-glasses,Women's Reading Glasses,,Yes,Yes,,
handbags-accessories-womens-purses-handbags-evening-bags,Evening Bags,,Yes,Yes,,
handbags-accessories-womens-purses-handbags-hobo-bags,Hobo Bags,,Yes,Yes,,
handbags-accessories-womens-purses-handbags-mini-bags,Mini Bags,,Yes,Yes,,
handbags-accessories-womens-purses-handbags-shoulder-bags,Shoulder Bags,,Yes,Yes,,
handbags-accessories-womens-purses-handbags-totes,Totes,,Yes,Yes,,
handbags-accessories-womens-wallets,Women's Wallets,,Yes,Yes,,
handbags-accessories-womens-winter-accessories-womens-winter-hats,Women's Winter Hats,,Yes,Yes,,
jewelry,Jewelry,,Yes,Yes,Yes,
jewelry-childrens-jewelry-childrens-bracelets,Children's Bracelets,,Yes,Yes,,
jewelry-childrens-jewelry-childrens-necklaces-pendant,Children's Necklaces &amp; Pendant,,Yes,Yes,,
jewelry-fashion-jewelry-fashion-bracelets,Fashion Bracelets,,Yes,Yes,,
jewelry-fashion-jewelry-fashion-earrings,Fashion Earrings,,Yes,Yes,,
jewelry-fashion-jewelry-fashion-pendants-necklaces,Fashion Pendants &amp; Necklaces,,Yes,Yes,,
jewelry-fine-jewelry-earrings,Earrings,,Yes,Yes,,
jewelry-fine-jewelry-rings,Rings,,Yes,Yes,,
jewelry-mens-jewelry,Men's Jewelry,,Yes,Yes,,
jewelry-mens-jewelry-mens-jewelry-sets,Men's Jewelry Sets,,Yes,Yes,,
jewelry-mens-jewelry-mens-necklaces-pendant,Men's Necklaces &amp; Pendant,,Yes,Yes,,
jewelry-mens-jewelry-mens-rings,Men's Rings,,Yes,Yes,,
jewelry-watches,Watches,,Yes,Yes,,
juniors-juniors-clothing-juniors-blazers-jackets,Juniors' Blazers &amp; Jackets,,Yes,Yes,,
juniors-juniors-clothing-juniors-bras-panties,Juniors' Bras &amp; Panties,,Yes,Yes,,
juniors-juniors-clothing-juniors-bras-panties-juniors-camisoles,Juniors' Camisoles,,Yes,Yes,,
juniors-juniors-clothing-juniors-dresses-juniors-casual-dresses,Juniors' Casual Dresses,,Yes,Yes,,
juniors-juniors-clothing-juniors-dresses-juniors-mother-of-the-bride-dresses,Juniors' Mother of the Bride Dresses,,Yes,Yes,,
juniors-juniors-clothing-juniors-graphic-t-shirts,Juniors' Graphic T-Shirts,,Yes,Yes,,
juniors-juniors-clothing-juniors-jeans,Juniors' Jeans,,Yes,Yes,,
juniors-juniors-clothing-juniors-pajamas-lounge-juniors-pajama-lounge-pants,Juniors' Pajama &amp; Lounge Pants,,Yes,Yes,,
juniors-juniors-clothing-juniors-pants,Juniors' Pants,,Yes,Yes,,
juniors-juniors-clothing-juniors-skirts,Juniors' Skirts,,Yes,Yes,,
juniors-juniors-clothing-juniors-suits-sets,Juniors' Suits &amp; Sets,,Yes,Yes,,
juniors-juniors-clothing-juniors-swimsuits,Juniors' Swimsuits,,Yes,Yes,,
juniors-juniors-plus-clothing-juniors-plus-bras-panties,Juniors' Bras &amp; Panties,,Yes,Yes,,
juniors-juniors-plus-clothing-juniors-plus-capris,Juniors' Plus Capris,,Yes,Yes,,
juniors-juniors-plus-clothing-juniors-plus-dresses-juniors-plus-bridesmaid-dresses,,,Yes,Yes,,
juniors-juniors-plus-clothing-juniors-plus-jumpsuits-rompers,Juniors' Plus Jumpsuits &amp; Rompers,,Yes,Yes,,
juniors-juniors-plus-clothing-juniors-plus-pajamas-lounge-juniors-plus-nightgowns,Juniors' Plus Nightgowns,,Yes,Yes,,
juniors-juniors-plus-clothing-juniors-plus-pajamas-lounge-juniors-plus-pajama-lounge-pants,Juniors' Plus Pajama &amp; Lounge Pants,,Yes,Yes,,
juniors-juniors-plus-clothing-juniors-plus-skirts,Juniors' Plus Skirts,,Yes,Yes,,
juniors-juniors-plus-clothing-juniors-plus-sweaters,Juniors' Plus Sweaters,,Yes,Yes,,
juniors-juniors-plus-clothing-juniors-plus-swimsuits,Juniors' Plus Swimsuits,,Yes,Yes,,
kids-baby,Kids &amp; Baby,,Yes,Yes,Yes,
kids-baby-baby-clothing,Baby Clothing,,Yes,Yes,,
kids-baby-baby-clothing-baby-jeans,Baby Jeans,,Yes,Yes,,
kids-baby-baby-clothing-baby-sweaters,Baby Sweaters,,Yes,Yes,,
kids-baby-baby-essentials-baby-keepsakes-milestones,Baby Keepsakes &amp; Milestones,,Yes,Yes,,
kids-baby-baby-essentials-pacifiers,Pacifiers,,Yes,Yes,,
kids-baby-boys-clothing-boys-character-apparel,Boys' Character Apparel,,Yes,Yes,,
kids-baby-boys-clothing-boys-jeans,Boys' Jeans,,Yes,Yes,,
kids-baby-boys-clothing-boys-pants,Boys' Pants,,Yes,Yes,,
kids-baby-boys-clothing-boys-shorts,Boys' Shorts,,Yes,Yes,,
kids-baby-boys-clothing-boys-socks,Boys' Socks,,Yes,Yes,,
kids-baby-girls-clothing,Girls' Clothing,,Yes,Yes,,
kids-baby-girls-clothing-girls-pants,Girls' Pants,,Yes,Yes,,
kids-baby-girls-clothing-girls-sets-outfits,Girls' Sets &amp; Outfits,,Yes,Yes,,
kids-baby-girls-clothing-girls-shorts,Girls' Shorts,,Yes,Yes,,
kids-baby-girls-clothing-girls-skirts-skorts,Girls' Skirts &amp; Skorts,,Yes,Yes,,
kids-baby-kids-toys-games,Kids Toys &amp; Games,,Yes,Yes,,
kids-baby-kids-toys-games-dolls-dollhouses,Dolls &amp; Dollhouses,,Yes,Yes,,
kids-baby-kids-toys-games-dress-up-pretend-play,Dress-Up &amp; Pretend Play,,Yes,Yes,,
kids-baby-kids-toys-games-remote-control-toys,Remote Control Toys,,Yes,Yes,,
kids-baby-kids-toys-games-toy-trucks,Toy Trucks,,Yes,Yes,,
kids-baby-nursery-decor-baby-bedding-crib-bedding-sets,Crib Bedding Sets,,Yes,Yes,,
mens-mens-accessories-belts-suspenders-suspenders,Suspenders,,Yes,Yes,,
mens-mens-accessories-mens-gifts-gadgets,Men's Gifts &amp; Gadgets,,Yes,Yes,,
mens-mens-accessories-mens-gloves,Men's Gloves,,Yes,Yes,,
mens-mens-accessories-mens-ties-pocket-squares-tie-mens-square-sets,Men's Tie &amp; Square Sets,,Yes,Yes,,
mens-mens-accessories-mens-umbrellas,Men's Umbrellas,,Yes,Yes,,
mens-mens-accessories-mens-wallets,Men's Wallets,,Yes,Yes,,
mens-mens-big-tall-clothing,Men's Big &amp; Tall Clothing,,Yes,Yes,,
mens-mens-big-tall-clothing-mens-big-tall-jeans-mens-big-tall-comfort-fit-jeans,Men's Big &amp; Tall Comfort Fit Jeans,,Yes,Yes,,
mens-mens-big-tall-clothing-mens-big-tall-jeans-mens-big-tall-small-fit-jeans,Men's Big &amp; Tall Slim Fit Jeans,,Yes,Yes,,
mens-mens-big-tall-clothing-mens-big-tall-pajamas,Men's Big &amp; Tall Pajamas,,Yes,Yes,,
mens-mens-big-tall-clothing-mens-big-tall-pants,Men's Big &amp; Tall Pants,,Yes,Yes,,
mens-mens-big-tall-clothing-mens-big-tall-pants-mens-big-tall-flat-front-pants,Men's Big &amp; Tall Flat Front Pants,,Yes,Yes,,
mens-mens-big-tall-clothing-mens-big-tall-pants-mens-big-tall-pleated-pants,Men's Big &amp; Tall Pleated Pants,,Yes,Yes,,
mens-mens-big-tall-clothing-mens-big-tall-shirts,Men's Big &amp; Tall Shirts,,Yes,Yes,,
mens-mens-big-tall-clothing-mens-big-tall-shirts-mens-big-tall-t-shirts,Men's Big &amp; Tall T-Shirts,,Yes,Yes,,
mens-mens-big-tall-clothing-mens-big-tall-suits-sport-coats-mens-big-tall-suit-vests,Men's Big &amp; Tall Suit Vests,,Yes,Yes,,
mens-mens-big-tall-clothing-mens-big-tall-sweaters,Men's Big &amp; Tall Sweaters,,Yes,Yes,,
mens-mens-clothing,Men's Clothing,,Yes,Yes,,
mens-mens-clothing-mens-fan-gear,Men's Fan Gear,,Yes,Yes,,
mens-mens-clothing-mens-jackets-coats,Men's Jackets &amp; Coats,,Yes,Yes,,
mens-mens-clothing-mens-jeans,Men's Jeans,,Yes,Yes,,
mens-mens-clothing-mens-jeans-mens-comfort-fit-jeans,Men's Comfort Fit Jeans,,Yes,Yes,,
mens-mens-clothing-mens-pants-mens-cargo-pants,Men's Cargo Pants,,Yes,Yes,,
mens-mens-clothing-mens-pants-mens-flat-front-pants,Men's Flat Front Pants,,Yes,Yes,,
mens-mens-clothing-mens-pants-mens-pleated-pants,Men's Pleated Pants,,Yes,Yes,,
mens-mens-clothing-mens-shirts-mens-dress-shirts,Men's Dress Shirts,,Yes,Yes,,
mens-mens-clothing-mens-shorts,Men's Shorts,,Yes,Yes,,
mens-mens-clothing-mens-suits-sport-coats-mens-suit-coats,Men's Suit Coats,,Yes,Yes,,
mens-mens-clothing-mens-suits-sport-coats-mens-suits,Men's Suits,,Yes,Yes,,
mens-young-mens-clothing-young-mens-jeans,Young Men's Jeans,,Yes,Yes,,
mens-young-mens-clothing-young-mens-jeans-young-mens-classic-regular-fit-jeans,Young Men's Classic &amp; Regular Fit Jeans,,Yes,Yes,,
mens-young-mens-clothing-young-mens-jeans-young-mens-comfort-fit-jeans,Young Men's Comfort Fit Jeans,,Yes,Yes,,
mens-young-mens-clothing-young-mens-pajamas-young-mens-pajama-lounge-pants,Young Men's Pajama &amp; Lounge Pants,,Yes,Yes,,
mens-young-mens-clothing-young-mens-pajamas-young-mens-pajama-lounge-tops,Young Men's Pajama &amp; Lounge Tops,,Yes,Yes,,
mens-young-mens-clothing-young-mens-pajamas-young-mens-robes,Young Men's Robes,,Yes,Yes,,
mens-young-mens-clothing-young-mens-pants-young-mens-cargo-pants,Young Men's Cargo Pants,,Yes,Yes,,
mens-young-mens-clothing-young-mens-shirts,Young Men's Shirts,,Yes,Yes,,
mens-young-mens-clothing-young-mens-socks,Young Men's Socks,,Yes,Yes,,
mens-young-mens-clothing-young-mens-swimwear,Young Men's Swimwear,,Yes,Yes,,
shoes-juniors-shoes-juniors-clogs-mules,Juniors' Clogs &amp; Mules,,Yes,Yes,,
shoes-juniors-shoes-juniors-heels-pumps,Juniors' Heels &amp; Pumps,,Yes,Yes,,
shoes-juniors-shoes-juniors-sandals,Juniors' Sandals,,Yes,Yes,,
shoes-juniors-shoes-juniors-slippers,Juniors' Slippers,,Yes,Yes,,
shoes-kids-shoes-baby-shoes,Baby Shoes,,Yes,Yes,,
shoes-kids-shoes-girls-shoes,Girls' Shoes,,Yes,Yes,,
shoes-kids-shoes-girls-shoes-girls-boots,Girls' Boots,,Yes,Yes,,
shoes-kids-shoes-girls-shoes-girls-casual-shoes,Girls' Casual Shoes,,Yes,Yes,,
shoes-kids-shoes-girls-shoes-girls-sandals,Girls Sandals,,Yes,Yes,,
shoes-kids-shoes-girls-shoes-girls-sneakers,Girls' Sneakers,,Yes,Yes,,
shoes-mens-shoes,Men's Shoes,,Yes,Yes,,
shoes-mens-shoes-mens-boots,Men's Boots,,Yes,Yes,,
shoes-mens-shoes-mens-sneakers-athletics,Men's Sneakers &amp; Athletics,,Yes,Yes,,
shoes-womens-shoes,Women's Shoes,,Yes,Yes,,
shoes-womens-shoes-womens-boots-womens-fashion-boots,Women's Fashion Boots,,Yes,Yes,,
shoes-womens-shoes-womens-boots-womens-motorcycle-boots,Women's Motorcycle Boots,,Yes,Yes,,
shoes-womens-shoes-womens-boots-womens-rain-boots,Women's Rain Boots,,Yes,Yes,,
shoes-womens-shoes-womens-clogs-mules,Women's Clogs &amp; Mules,,Yes,Yes,,
shoes-womens-shoes-womens-flats,Women's Flats,,Yes,Yes,,
shoes-womens-shoes-womens-sneakers-athletics,Women's Sneakers &amp; Athletics,,Yes,Yes,,
womens,Womens,,Yes,Yes,Yes,
womens-womens-clothing,Women's Clothing,,Yes,Yes,,
womens-womens-clothing-womens-activewear,Women's Activewear,,Yes,Yes,,
womens-womens-clothing-womens-bras-panties-lingerie,"Women's Bras, Panties &amp; Lingerie",,Yes,Yes,,
womens-womens-clothing-womens-bras-panties-lingerie-womens-body-shapers,Women's Body Shapers,,Yes,Yes,,
womens-womens-clothing-womens-bras-panties-lingerie-womens-bras,Women's Bras,,Yes,Yes,,
womens-womens-clothing-womens-coats-jackets,Women's Coats &amp; Jackets,,Yes,Yes,,
womens-womens-clothing-womens-dresses-womens-dress-separates,Women's Dress Separates,,Yes,Yes,,
womens-womens-clothing-womens-dresses-womens-formal-gowns,Women's Formal Gowns,,Yes,Yes,,
womens-womens-clothing-womens-dresses-womens-homecoming-prom-dresses,Women's Homecoming &amp; Prom Dresses,,Yes,Yes,,
womens-womens-clothing-womens-dresses-womens-mother-of-the-bride-dresses,Women's Mother of the Bride Dresses,,Yes,Yes,,
womens-womens-clothing-womens-pajamas-lounge-robes,Robes,,Yes,Yes,,
womens-womens-clothing-womens-pajamas-lounge-womens-baby-dolls-chemises,Women's Baby Dolls &amp; Chemises,,Yes,Yes,,
womens-womens-clothing-womens-pants,Women's Pants,,Yes,Yes,,
womens-womens-clothing-womens-sweaters-womens-cardigans,Women's Cardigans,,Yes,Yes,,
womens-womens-clothing-womens-sweaters-womens-pullover-sweaters,Women's Pullover Sweaters,,Yes,Yes,,
womens-womens-clothing-womens-sweaters-womens-sweater-vests,Women's Sweater Vests,,Yes,Yes,,
womens-womens-clothing-womens-swimwear-womens-one-piece-swimsuits,Women's One Piece Swimsuits,,Yes,Yes,,
womens-womens-clothing-womens-tops-womens-button-down-collared-tops,Women's Button Down &amp; Collared Tops,,Yes,Yes,,
womens-womens-clothing-womens-tops-womens-pullovers,Women's Pullovers,,Yes,Yes,,
womens-womens-clothing-womens-tops-womens-t-shirts,Women's T-Shirts,,Yes,Yes,,
womens-womens-clothing-womens-tops-womens-tank-tops-camisoles,Women's Tank Tops &amp; Camisoles,,Yes,Yes,,
womens-womens-petite-clothing-womens-petite-coats-jackets,Women's Petite Coats &amp; Jackets,,Yes,Yes,,
womens-womens-petite-clothing-womens-petite-dresses-womens-petite-bridesmaid-dresses,Women's Petite Bridesmaid Dresses,,Yes,Yes,,
womens-womens-petite-clothing-womens-petite-dresses-womens-petite-cocktail-evening-dresses,Women's Petite Cocktail &amp; Evening Dresses,,Yes,Yes,,
womens-womens-petite-clothing-womens-petite-dresses-womens-petite-formal-gowns,Women's Petite Formal Gowns,,Yes,Yes,,
womens-womens-petite-clothing-womens-petite-dresses-womens-petite-wedding-dresses,Women's Petite Wedding Dresses,,Yes,Yes,,
womens-womens-petite-clothing-womens-petite-dresses-womens-petite-work-dresses,Women's Petite Work Dresses,,Yes,Yes,,
womens-womens-petite-clothing-womens-petite-pajamas-lounge-womens-petite-pajama-sets,Women's Petite Pajama Sets,,Yes,Yes,,
womens-womens-petite-clothing-womens-petite-pants,Women's Petite Pants,,Yes,Yes,,
womens-womens-petite-clothing-womens-petite-suits-sets-womens-petite-suit-sets,Women's Petite Suit Sets,,Yes,Yes,,
womens-womens-petite-clothing-womens-petite-sweaters-womens-petite-pullover-sweaters,Women's Petite Pullover Sweaters,,Yes,Yes,,
womens-womens-petite-clothing-womens-petite-sweaters-womens-petite-sweater-vests,Women's Petite Sweater Vests,,Yes,Yes,,
womens-womens-petite-clothing-womens-petite-swimwear,Women's Petite Swimwear,,Yes,Yes,,
womens-womens-plus-clothing,Women's Plus Clothing,,Yes,Yes,,
womens-womens-plus-clothing-womens-plus-activewear,Women's Plus Activewear,,Yes,Yes,,
womens-womens-plus-clothing-womens-plus-dresses,Women's Plus Dresses,,Yes,Yes,,
womens-womens-plus-clothing-womens-plus-dresses-womens-plus-casual-dresses,Women's Plus Casual Dresses,,Yes,Yes,,
womens-womens-plus-clothing-womens-plus-dresses-womens-plus-mother-of-the-bride-dresses,Women's Plus Mother of the Bride Dresses,,Yes,Yes,,
womens-womens-plus-clothing-womens-plus-leggings,Women's Plus Leggings,,Yes,Yes,,
womens-womens-plus-clothing-womens-plus-pajamas-lounge-womens-plus-pajama-sets,Women's Plus Pajama Sets,,Yes,Yes,,
womens-womens-plus-clothing-womens-plus-shorts,Women's Plus Shorts,,Yes,Yes,,
womens-womens-plus-clothing-womens-plus-skirts,Women's Plus Skirts,,Yes,Yes,,
womens-womens-plus-clothing-womens-plus-suits-sets,Women's Plus Suits &amp; Sets,,Yes,Yes,,
womens-womens-plus-clothing-womens-plus-suits-sets-womens-plus-suit-dresses,Women's Plus Suit Dresses,,Yes,Yes,,
womens-womens-plus-clothing-womens-plus-suits-sets-womens-plus-suit-pants,Women's Plus Suit Pants,,Yes,Yes,,
womens-womens-plus-clothing-womens-plus-swimwear-womens-plus-cover-ups,Women's Plus Cover Ups,,Yes,Yes,,
womens-womens-plus-clothing-womens-plus-swimwear-womens-plus-swimsuit-bottoms,Women's Plus Swimsuit Bottoms,,Yes,Yes,,
womens-womens-plus-clothing-womens-plus-swimwear-womens-plus-swimsuit-tops,Women's Plus Swimsuit Tops,,Yes,Yes,,
womens-womens-plus-clothing-womens-plus-tops-womens-plus-button-down-collared-tops,Women's Plus Button Down &amp; Collared Tops,,Yes,Yes,,
womens-womens-plus-clothing-womens-plus-tops-womens-plus-pullovers,Women's Plus Pullovers,,Yes,Yes,,
womens-womens-plus-clothing-womens-plus-tops-womens-plus-tank-tops-camisoles,Women's Plus Tank Tops &amp; Camisoles,,Yes,Yes,,
womens-womens-plus-clothing-womens-plus-tops-womens-plus-tunics,Women's Plus Tunics,,Yes,Yes,,
beauty-bath-body,Bath &amp; Body,,Yes,Yes,Yes,
beauty-bath-body-body-scrubs,Body Scrubs,,Yes,Yes,,
beauty-bath-body-bubble-baths-soaks,Bubble Baths & Soaks,,Yes,Yes,,
beauty-beauty-accessories-tools-cosmetic-bags-organizers,Cosmetic Bags &amp; Organizers,,Yes,Yes,,
beauty-beauty-accessories-tools-makeup-brushes-tools,Makeup Brushes &amp; Tools,,Yes,Yes,,
beauty-fragrances-mens-cologne,Men's Cologne,,Yes,Yes,,
beauty-fragrances-womens-perfumes,Women's Perfumes,,Yes,Yes,,
beauty-hair-care-hair-styling-tools,Hair Styling Tools,,Yes,Yes,,
beauty-hair-care-hair-styling-tools-curling-irons,Curling Irons,,Yes,Yes,,
beauty-hair-care-hair-styling-tools-hair-dryers,Hair Dryers,,Yes,Yes,,
beauty-hair-care-hair-styling-tools-hair-rollers,Hair Rollers,,Yes,Yes,,
beauty-hair-care-hair-treatments,Hair Treatments,,Yes,Yes,,
beauty-makeup,Makeup,,Yes,Yes,Yes,
beauty-makeup-eye-makeup-eyeshadow,Eyeshadow,,Yes,Yes,,
beauty-makeup-eye-makeup-false-eyelashes,False Eyelashes,,Yes,Yes,,
beauty-makeup-face-makeup-bronzer,Bronzer,,Yes,Yes,Yes,
beauty-makeup-face-makeup-concealer,Concealer,,Yes,Yes,Yes,
beauty-makeup-lipsticks-liners-glosses,"Lipsticks, Liners &amp; Glosses",,Yes,Yes,,
beauty-makeup-lipsticks-liners-glosses-lip-liner,Lip Liner,,Yes,Yes,,
beauty-makeup-lipsticks-liners-glosses-lip-plumper,Lip Plumper,,Yes,Yes,,
beauty-makeup-lipsticks-liners-glosses-lip-stain,Lip Stain,,Yes,Yes,,
beauty-mens-grooming,Men's Grooming,,Yes,Yes,Yes,
beauty-mens-grooming-mens-gift-sets,Men's Gift Sets,,Yes,Yes,,
beauty-mens-grooming-mens-hair-body-care-mens-hair-care,Men's Hair Care,,Yes,Yes,,
beauty-mens-grooming-mens-hair-body-care-mens-sun-protection,Men's Sun Protection,,Yes,Yes,,
beauty-mens-grooming-mens-skin-care,Men's Skin Care,,Yes,Yes,,
beauty-mens-grooming-mens-skin-care-mens-moisturizers,Men's Moisturizers,,Yes,Yes,,
beauty-mens-grooming-shaving-hair-removal,Shaving &amp; Hair Removal,,Yes,Yes,,
beauty-nails-nail-base-coat-top-coats,Nail Base Coat &amp; Top Coats,,Yes,Yes,,
beauty-skin-care,Skin Care,,Yes,Yes,Yes,
beauty-skin-care-cleansers-cleansing-oil,Cleansing Oil,,Yes,Yes,,
beauty-skin-care-cleansers-exfoliators-scrubs,Exfoliators &amp; Scrubs,,Yes,Yes,,
beauty-skin-care-moisturizers,Moisturizers,,Yes,Yes,,
beauty-skin-care-moisturizers-eyes-moisturizers,Eyes Moisturizers,,Yes,Yes,,
beauty-skin-care-moisturizers-night-treatments,Night Treatments,,Yes,Yes,,
beauty-skin-care-treatments-serums-eye-treatments-serums,Eye Treatments &amp; Serums,,Yes,Yes,,
bed-bath-bedding-bedding-collections,Bedding Collections,,Yes,Yes,,
bed-bath-bedding-bedspreads-coverlets,Bedspreads &amp; Coverlets,,Yes,Yes,,
bed-bath-bedding-basics-down-down-alternative-comforters,Down &amp; Down Alternative Comforters,,Yes,Yes,,
bed-bath-throw-pillows,Throw Pillows,,Yes,Yes,,
bed-bath-throws,Throws,,Yes,Yes,,
for-the-home-coffee-tea-espresso-coffee-pods,Coffee Pods,,Yes,Yes,,
for-the-home-coffee-tea-espresso-teapots-kettles-brewers,"Teapots, Kettles &amp; Brewers",,Yes,Yes,,
for-the-home-dining-drinkware-coffee-mugs-cups,Coffee Mugs &amp; Cups,,Yes,Yes,,
for-the-home-dining-drinkware-wine-glasses,Wine Glasses,,Yes,Yes,,
for-the-home-dining-flatware-silverware,Flatware &amp; Silverware,,Yes,Yes,,
for-the-home-dining-picnic-baskets,Picnic Baskets,,Yes,Yes,,
for-the-home-dining-serveware,Serveware,,Yes,Yes,,
for-the-home-dining-serveware-cake-stands-tiered-servers,Cake Stands &amp; Tiered Servers,,Yes,Yes,,
for-the-home-dining-serveware-chip-n-dip-sets,Chip 'n' Dip Sets,,Yes,Yes,,
for-the-home-dining-serveware-coffee-tea-sets,Coffee &amp; Tea Sets,,Yes,Yes,,
for-the-home-dining-serveware-drink-dispensers,Drink Dispensers,,Yes,Yes,,
for-the-home-dining-serveware-serving-bowls,Serving Bowls,,Yes,Yes,,
for-the-home-dining-table-linens,Table Linens,,Yes,Yes,,
for-the-home-dining-table-linens-napkin-rings,Napkin Rings,,Yes,Yes,,
for-the-home-dining-table-linens-placemats,Placemats,,Yes,Yes,,
for-the-home-dining-table-linens-tablecloths,Tablecloths,,Yes,Yes,,
for-the-home-electronics,Electronics,,Yes,Yes,,
for-the-home-furniture-barstools-counter-stools,Barstools &amp; Counter Stools,,Yes,Yes,,
for-the-home-furniture-coffee-side-tables,Coffee &amp; Side Tables,,Yes,Yes,,
for-the-home-furniture-dressers-chests,Dressers &amp; Chests,,Yes,Yes,,
for-the-home-furniture-hall-tree,Hall Tree,,Yes,Yes,,
for-the-home-home-decor-figurines-collectibles,Figurines &amp; Collectibles,,Yes,Yes,,
for-the-home-home-decor-floral,Floral,,Yes,Yes,,
for-the-home-home-decor-furniture-covers,Furniture Covers,,Yes,Yes,,
for-the-home-home-decor-lamps-lighting,Lamps &amp; Lighting,,Yes,Yes,,
for-the-home-home-decor-mirrors,Mirrors,,Yes,Yes,,
for-the-home-home-decor-picture-frames,Picture Frames,,Yes,Yes,,
for-the-home-home-decor-rugs-area-rugs-rug-runners,Area Rugs &amp; Rug Runners,,Yes,Yes,,
for-the-home-kitchen,Kitchen,,Yes,Yes,,
for-the-home-kitchen-bakeware-baking-pans-dishes,Baking Pans &amp; Dishes,,Yes,Yes,,
for-the-home-kitchen-bakeware-cooling-racks,Cooling Racks,,Yes,Yes,,
for-the-home-kitchen-cookware,Cookware,,Yes,Yes,,
for-the-home-kitchen-cutlery,Cutlery,,Yes,Yes,,
for-the-home-kitchen-cutlery-electric-knives,Electric Knives,,Yes,Yes,,
for-the-home-kitchen-cutlery-kitchen-shears,Kitchen Shears,,Yes,Yes,,
for-the-home-kitchen-cutlery-knife-blocks,Knife Blocks,,Yes,Yes,,
for-the-home-kitchen-kitchen-appliances,Kitchen Appliances,,Yes,Yes,,
for-the-home-kitchen-kitchen-appliances-beverage-makers,Beverage Makers,,Yes,Yes,,
for-the-home-kitchen-kitchen-appliances-electric-can-openers,Electric Can Openers,,Yes,Yes,,
for-the-home-kitchen-kitchen-appliances-electric-skillets-fryers,Electric Skillets &amp; Fryers,,Yes,Yes,,
for-the-home-kitchen-kitchen-appliances-immersion-blenders-hand-mixers,Immersion Blenders &amp; Hand Mixers,,Yes,Yes,,
for-the-home-kitchen-kitchen-appliances-juicers,Juicers,,Yes,Yes,,
for-the-home-kitchen-kitchen-appliances-toaster-ovens-toasters,Toaster Ovens &amp; Toasters,,Yes,Yes,,
for-the-home-kitchen-kitchen-gadgets-food-scales,Food Scales,,Yes,Yes,,
for-the-home-kitchen-kitchen-gadgets-thermometers,Thermometers,,Yes,Yes,,
for-the-home-kitchen-kitchen-linens-rugs,Kitchen Linens &amp; Rugs,,Yes,Yes,,
for-the-home-kitchen-kitchen-linens-rugs-oven-mitts-pot-holders,Oven Mitts &amp; Pot Holders,,Yes,Yes,,
for-the-home-kitchen-kitchen-storage-organization-cabinet-organization,Cabinet Organization,,Yes,Yes,,
for-the-home-kitchen-kitchen-storage-organization-food-storage-containers,Food Storage Containers,,Yes,Yes,,
for-the-home-kitchen-kitchen-storage-organization-lunch-bags-coolers,Lunch Bags &amp; Coolers,,Yes,Yes,,
for-the-home-kitchen-kitchen-storage-organization-paper-towel-holders,Paper Towel Holders,,Yes,Yes,,
for-the-home-kitchen-kitchen-storage-organization-spice-racks,Spice Racks,,Yes,Yes,,
for-the-home-organization-cleaning,Organization &amp; Cleaning,,Yes,Yes,,
for-the-home-organization-cleaning-irons,Irons,,Yes,Yes,,
for-the-home-organization-cleaning-laundry-hampers,Laundry Hampers,,Yes,Yes,,
for-the-home-organization-cleaning-trash-cans,Trash Cans,,Yes,Yes,,
for-the-home-organization-cleaning-vacuums,Vacuums,,Yes,Yes,,
for-the-home-personal-care-dental-care,Dental Care,,Yes,Yes,,
for-the-home-pet-accessories,Pet Accessories,,Yes,Yes,,
handbags-accessories-umbrellas,Umbrellas,,Yes,Yes,,
handbags-accessories-womens-accessories,Women's Accessories,,Yes,Yes,,
handbags-accessories-womens-accessories-womens-hair-accessories,Women's Hair Accessories,,Yes,Yes,,
handbags-accessories-womens-purses-handbags-clutches,Clutches,,Yes,Yes,,
handbags-accessories-womens-purses-handbags-satchels,Satchels,,Yes,Yes,,
handbags-accessories-womens-winter-accessories,Women's Winter Accessories,,Yes,Yes,,
handbags-accessories-womens-winter-accessories-womens-winter-gloves,Women's Winter Gloves,,Yes,Yes,,
jewelry-childrens-jewelry,Children's Jewelry,,Yes,Yes,,
jewelry-childrens-jewelry-childrens-jewelry-sets,Children's Jewelry Sets,,Yes,Yes,,
jewelry-childrens-jewelry-childrens-rings,Children's Rings,,Yes,Yes,,
jewelry-fashion-jewelry,Fashion Jewelry,,Yes,Yes,,
jewelry-fashion-jewelry-broaches-pins,Broaches &amp; Pins,,Yes,Yes,,
jewelry-fashion-jewelry-fashion-jewelry-sets,Fashion Jewelry Sets,,Yes,Yes,,
jewelry-fine-jewelry-pendants-necklaces,Pendants &amp; Necklaces,,Yes,Yes,,
jewelry-jewelry-boxes,Jewelry Boxes,,Yes,Yes,,
jewelry-mens-jewelry-mens-bracelets,Men's Bracelets,,Yes,Yes,,
jewelry-mens-jewelry-mens-earrings,Men's Earrings,,Yes,Yes,,
jewelry-mens-watches,Men's Watches,,Yes,Yes,,
juniors-juniors-clothing-juniors-coats,Juniors' Coats,,Yes,Yes,,
juniors-juniors-clothing-juniors-dresses-juniors-cocktail-evening-dresses,Juniors' Cocktail &amp; Evening Dresses,,Yes,Yes,,
juniors-juniors-clothing-juniors-dresses-juniors-dress-separates-dresses,Juniors' Dress Separates,,Yes,Yes,,
juniors-juniors-clothing-juniors-dresses-juniors-holiday-dresses,Juniors' Holiday Dresses,,Yes,Yes,,
juniors-juniors-clothing-juniors-dresses-juniors-homecoming-prom-dresses,Juniors' Homecoming &amp; Prom Dresses,,Yes,Yes,,
juniors-juniors-clothing-juniors-dresses-juniors-resort-dresses,Juniors' Resort Dresses,,Yes,Yes,,
juniors-juniors-clothing-juniors-dresses-juniors-work-dresses,Juniors' Work Dresses,,Yes,Yes,,
juniors-juniors-clothing-juniors-jumpsuits-rompers,Juniors' Jumpsuits &amp; Rompers,,Yes,Yes,,
juniors-juniors-clothing-juniors-pajamas-lounge-juniors-chemises,Juniors' Chemises,,Yes,Yes,,
juniors-juniors-clothing-juniors-pajamas-lounge-juniors-nightgowns,Juniors' Nightgowns,,Yes,Yes,,
juniors-juniors-clothing-juniors-pajamas-lounge-juniors-pajama-lounge-tops,Juniors' Pajama &amp; Lounge Tops,,Yes,Yes,,
juniors-juniors-clothing-juniors-school-uniforms,Juniors' School Uniforms,,Yes,Yes,,
juniors-juniors-clothing-juniors-sweaters,Juniors' Sweaters,,Yes,Yes,,
juniors-juniors-plus-clothing-juniors-plus-activewear,Juniors' Plus Activewear,,Yes,Yes,,
juniors-juniors-plus-clothing-juniors-plus-coats,Juniors' Plus Coats,,Yes,Yes,,
juniors-juniors-plus-clothing-juniors-plus-dresses-juniors-plus-mother-of-the-bride-dresses,,,Yes,Yes,,
juniors-juniors-plus-clothing-juniors-plus-dresses-juniors-plus-resort-dresses,,,Yes,Yes,,
juniors-juniors-plus-clothing-juniors-plus-dresses-juniors-plus-wedding-rehearsal-dresses,,,Yes,Yes,,
juniors-juniors-plus-clothing-juniors-plus-jeans,Juniors' Plus Jeans,,Yes,Yes,,
juniors-juniors-plus-clothing-juniors-plus-pajamas-lounge,Juniors' Plus Pajamas &amp; Lounge,,Yes,Yes,,
juniors-juniors-plus-clothing-juniors-plus-suits-sets,Juniors' Plus Suits &amp; Sets,,Yes,Yes,,
juniors-juniors-plus-clothing-juniors-plus-tops,Juniors' Plus Tops,,Yes,Yes,,
kids-baby-baby-clothing-baby-accessories,Baby Accessories,,Yes,Yes,,
kids-baby-baby-clothing-baby-character-apparel,Baby Character Apparel,,Yes,Yes,,
kids-baby-baby-clothing-baby-dresses,Baby Dresses,,Yes,Yes,,
kids-baby-baby-clothing-baby-jackets-coats,Baby Jackets &amp; Coats,,Yes,Yes,,
kids-baby-baby-clothing-baby-socks,Baby Socks,,Yes,Yes,,
kids-baby-baby-clothing-baby-suits,Baby Suits,,Yes,Yes,,
kids-baby-baby-essentials-baby-bibs-burp-cloths,Baby Bibs &amp; Burp Cloths,,Yes,Yes,,
kids-baby-baby-essentials-diaper-bags,Diaper Bags,,Yes,Yes,,
kids-baby-boys-clothing,Boys' Clothing,,Yes,Yes,,
kids-baby-boys-clothing-boys-accessories,Boys' Accessories,,Yes,Yes,,
kids-baby-boys-clothing-boys-fan-gear,Boys' Fan Gear,,Yes,Yes,,
kids-baby-boys-clothing-boys-shirts-tops,Boys' Shirts &amp; Tops,,Yes,Yes,,
kids-baby-boys-clothing-boys-swim-trunks,Boys' Swim Trunks,,Yes,Yes,,
kids-baby-boys-clothing-boys-underwear,Boys' Underwear,,Yes,Yes,,
kids-baby-girls-clothing-girls-character-apparel,Girls' Character Apparel,,Yes,Yes,,
kids-baby-girls-clothing-girls-dresses,Girls' Dresses,,Yes,Yes,,
kids-baby-girls-clothing-girls-fan-gear,Girls' Fan Gear,,Yes,Yes,,
kids-baby-girls-clothing-girls-jackets-coats,Girls' Jackets &amp; Coats,,Yes,Yes,,
kids-baby-girls-clothing-girls-pajamas,Girls' Pajamas,,Yes,Yes,,
kids-baby-girls-clothing-girls-shirts-tops,Girls' Shirts &amp; Tops,,Yes,Yes,,
kids-baby-girls-clothing-girls-socks,Girls' Socks,,Yes,Yes,,
kids-baby-girls-clothing-girls-sweaters,Girls'' Sweaters,,Yes,Yes,,
kids-baby-girls-clothing-girls-swimsuits,Girls' Swimsuits,,Yes,Yes,,
kids-baby-girls-clothing-girls-underwear,Girls' Underwear,,Yes,Yes,,
kids-baby-kids-toys-games-stuffed-animals-plush,Stuffed Animals &amp; Plush,,Yes,Yes,,
kids-baby-nursery-decor-baby-bedding,Baby Bedding,,Yes,Yes,,
kids-baby-nursery-decor-baby-bedding-baby-blankets,Baby Blankets,,Yes,Yes,,
kids-baby-nursery-decor-baby-bedding-changing-pad-covers,Changing Pad Covers,,Yes,Yes,,
kids-baby-nursery-decor-diapering-storage,Diapering &amp; Storage,,Yes,Yes,,
kids-baby-nursery-decor-mobiles-soothers,Mobiles &amp; Soothers,,Yes,Yes,,
kids-baby-nursery-decor-nursery-decor,Nursery D&eacute;cor,,Yes,Yes,,
mens-mens-accessories,Men's Accessories,,Yes,Yes,,
mens-mens-accessories-belts-suspenders-belts,Belts,,Yes,Yes,,
mens-mens-accessories-mens-cuff-links,Men's Cuff Links,,Yes,Yes,,
mens-mens-accessories-mens-lapel-pins,Men's Lapel Pins,,Yes,Yes,,
mens-mens-accessories-mens-money-clips,Men's Money Clips,,Yes,Yes,,
mens-mens-accessories-mens-tie-bars,Men's Tie Bars,,Yes,Yes,,
mens-mens-accessories-mens-ties-pocket-squares-mens-bow-ties,Men's Bow Ties,,Yes,Yes,,
mens-mens-accessories-mens-ties-pocket-squares-mens-neckties,Men's Neckties,,Yes,Yes,,
mens-mens-big-tall-clothing-mens-big-tall-active-outdoor,Men's Big &amp; Tall Active &amp; Outdoor,,Yes,Yes,,
mens-mens-big-tall-clothing-mens-big-tall-fan-gear,Men's Big &amp; Tall Fan Gear,,Yes,Yes,,
mens-mens-big-tall-clothing-mens-big-tall-jeans,Men's Big &amp; Tall Jeans,,Yes,Yes,,
mens-mens-big-tall-clothing-mens-big-tall-jeans-mens-big-tall-relaxed-fit-jeans,Men's Big &amp; Tall Relaxed Fit Jeans,,Yes,Yes,,
mens-mens-big-tall-clothing-mens-big-tall-pajamas-mens-big-tall-pajama-lounge-tops,Men's Big &amp; Tall Pajama &amp; Lounge Tops,,Yes,Yes,,
mens-mens-big-tall-clothing-mens-big-tall-suits-sport-coats,Men's Big &amp; Tall Suits &amp; Sport Coats,,Yes,Yes,,
mens-mens-big-tall-clothing-mens-big-tall-suits-sport-coats-mens-big-tall-suits,Men's Big &amp; Tall Suits,,Yes,Yes,,
mens-mens-big-tall-clothing-mens-big-tall-swimwear,Men's Big &amp; Tall Swimwear,,Yes,Yes,,
mens-mens-clothing-mens-accessories,Men's Accessories,,Yes,Yes,,
mens-mens-clothing-mens-jeans-mens-straight-fit-jeans,Men's Straight Fit Jeans,,Yes,Yes,,
mens-mens-clothing-mens-pajamas-mens-pajama-lounge-tops,Men's Pajama &amp; Lounge Tops,,Yes,Yes,,
mens-mens-clothing-mens-pants,Men's Pants,,Yes,Yes,,
mens-mens-clothing-mens-socks,Men's Socks,,Yes,Yes,,
mens-mens-clothing-mens-suits-sport-coats,Men's Suits &amp; Sport Coats,,Yes,Yes,,
mens-mens-clothing-mens-suits-sport-coats-mens-suit-pants,Men's Suit Pants,,Yes,Yes,,
mens-mens-clothing-mens-suits-sport-coats-mens-suit-vests,Men's Suit Vests,,Yes,Yes,,
mens-mens-clothing-mens-sweaters,Men's Sweaters,,Yes,Yes,,
mens-mens-clothing-mens-swim-trunks-swimwear,Men's Swim Trunks &amp; Swimwear,,Yes,Yes,,
mens-mens-clothing-mens-underwear,Men's Underwear,,Yes,Yes,,
mens-young-mens-clothing-young-mens-outerwear,Young Men's Outerwear,,Yes,Yes,,
mens-young-mens-clothing-young-mens-pajamas-young-mens-pajama-lounge-sets,Young Men's Pajama &amp; Lounge Sets,,Yes,Yes,,
mens-young-mens-clothing-young-mens-pants,Young Men's Pants,,Yes,Yes,,
mens-young-mens-clothing-young-mens-pants-young-mens-flat-front-pants,Young Men's Flat Front Pants,,Yes,Yes,,
mens-young-mens-clothing-young-mens-school-uniforms,Young Men's School Uniforms,,Yes,Yes,,
mens-young-mens-clothing-young-mens-suits-sport-coats,Young Men's Suits &amp; Sport Coats,,Yes,Yes,,
mens-young-mens-clothing-young-mens-sweaters,Young Men's Sweaters,,Yes,Yes,,
mens-young-mens-clothing-young-mens-underwear,Young Men's Underwear,,Yes,Yes,,
shoes-juniors-shoes,Juniors' Shoes,,Yes,Yes,,
shoes-juniors-shoes-juniors-boots,Juniors' Boots,,Yes,Yes,,
shoes-juniors-shoes-juniors-flats,Juniors' Flats,,Yes,Yes,,
shoes-juniors-shoes-juniors-sneakers-athletics,Juniors' Sneakers &amp; Athletics,,Yes,Yes,,
shoes-kids-shoes,Kids' Shoes,,Yes,Yes,,
shoes-kids-shoes-boys-shoes-boys-boots,Boys' Boots,,Yes,Yes,,
shoes-kids-shoes-boys-shoes-boys-casual-shoes,Boys' Casual Shoes,,Yes,Yes,,
shoes-kids-shoes-boys-shoes-boys-dress-shoes,Boys' Dress Shoes,,Yes,Yes,,
shoes-kids-shoes-boys-shoes-boys-sandals,Boys' Sandals,,Yes,Yes,,
shoes-kids-shoes-boys-shoes-boys-slippers,Boys' Slippers,,Yes,Yes,,
shoes-kids-shoes-boys-shoes-boys-sneakers,Boys' Sneakers,,Yes,Yes,,
shoes-kids-shoes-girls-shoes-girls-slippers,Girls Slippers,,Yes,Yes,,
shoes-kids-shoes-girls-shoes-girls-dress-shoes,Girls Dress Shoes,,Yes,Yes,,
shoes-womens-shoes-womens-boots-womens-combat-boots,Women's Combat Boots,,Yes,Yes,,
shoes-womens-shoes-womens-boots-womens-winter-boots,Women's Winter Boots,,Yes,Yes,,
shoes-womens-shoes-womens-heels-pumps,Women's Heels &amp; Pumps,,Yes,Yes,,
womens-womens-clothing-womens-bras-panties-lingerie-womens-lingerie-accessories,Women's Lingerie Accessories,,Yes,Yes,,
womens-womens-clothing-womens-bras-panties-lingerie-womens-panties,Women's Panties,,Yes,Yes,,
womens-womens-clothing-womens-bras-panties-lingerie-womens-slips-camisoles,Women's Slips &amp; Camisoles,,Yes,Yes,,
womens-womens-clothing-womens-capris,Women's Capris,,Yes,Yes,,
womens-womens-clothing-womens-dresses-womens-bridesmaid-dresses,Women's Bridesmaid Dresses,,Yes,Yes,,
womens-womens-clothing-womens-dresses-womens-holiday-dresses,Women's Holiday Dresses,,Yes,Yes,,
womens-womens-clothing-womens-dresses-womens-resort-dresses,Women's Resort Dresses,,Yes,Yes,,
womens-womens-clothing-womens-dresses-womens-work-dresses,Women's Work Dresses,,Yes,Yes,,
womens-womens-clothing-womens-fan-gear,Women's Fan Gear,,Yes,Yes,,
womens-womens-clothing-womens-jeans,Women's Jeans,,Yes,Yes,,
womens-womens-clothing-womens-pajamas-lounge,Women's Pajamas &amp; Lounge,,Yes,Yes,,
womens-womens-clothing-womens-pajamas-lounge-womens-nightgowns,Women's Nightgowns,,Yes,Yes,,
womens-womens-clothing-womens-pajamas-lounge-womens-pajama-lounge-pants,Women's Pajama &amp; Lounge Pants,,Yes,Yes,,
womens-womens-clothing-womens-pajamas-lounge-womens-pajama-sets,Women's Pajama Sets,,Yes,Yes,,
womens-womens-clothing-womens-shorts,Women's Shorts,,Yes,Yes,,
womens-womens-clothing-womens-suits-sets-womens-suit-pants,Women's Suit Pants,,Yes,Yes,,
womens-womens-clothing-womens-swimwear,Women's Swimwear,,Yes,Yes,,
womens-womens-clothing-womens-swimwear-womens-swimsuit-bottoms,Women's Swimsuit Bottoms,,Yes,Yes,,
womens-womens-clothing-womens-tops,Women's Tops,,Yes,Yes,,
womens-womens-clothing-womens-tops-womens-blouses,Women's Blouses,,Yes,Yes,,
womens-womens-clothing-womens-tops-womens-kimonos-dusters,Women's Kimonos &amp; Dusters,,Yes,Yes,,
womens-womens-clothing-womens-tops-womens-tunics,Women's Tunics,,Yes,Yes,,
womens-womens-petite-clothing,Women's Petite Clothing,,Yes,Yes,,
womens-womens-petite-clothing-womens-petite-capris,Women's Petite Capris,,Yes,Yes,,
womens-womens-petite-clothing-womens-petite-dresses-womens-petite-casual-dresses,Women's Petite Casual Dresses,,Yes,Yes,,
womens-womens-petite-clothing-womens-petite-dresses-womens-petite-mother-of-the-bride-dresses,Women's Petite Mother of the Bride Dresses,,Yes,Yes,,
womens-womens-petite-clothing-womens-petite-dresses-womens-petite-resort-dresses,Women's Petite Resort Dresses,,Yes,Yes,,
womens-womens-petite-clothing-womens-petite-dresses-womens-petite-wedding-rehearsal-dresses,Women's Petite Wedding Rehearsal Dresses,,Yes,Yes,,
womens-womens-petite-clothing-womens-petite-jackets-blazers,Women's Petite Jackets &amp; Blazers,,Yes,Yes,,
womens-womens-petite-clothing-womens-petite-jumpsuits-rompers,Women's Petite Jumpsuits &amp; Rompers,,Yes,Yes,,
womens-womens-petite-clothing-womens-petite-pajamas-lounge-womens-petite-baby-dolls-chemises,Women's Petite Baby Dolls &amp; Chemises,,Yes,Yes,,
womens-womens-petite-clothing-womens-petite-pajamas-lounge-womens-petite-pajama-lounge-pants,Women's Petite Pajama &amp; Lounge Pants,,Yes,Yes,,
womens-womens-petite-clothing-womens-petite-pajamas-lounge-womens-petite-robes,Women's Petite Robes,,Yes,Yes,,
womens-womens-petite-clothing-womens-petite-suits-sets-womens-petite-suit-jackets,Women's Petite Suit Jackets,,Yes,Yes,,
womens-womens-petite-clothing-womens-petite-suits-sets-womens-petite-suit-pants,Women's Petite Suit Pants,,Yes,Yes,,
womens-womens-petite-clothing-womens-petite-sweaters-womens-petite-cardigans,Women's Petite Cardigans,,Yes,Yes,,
womens-womens-petite-clothing-womens-petite-swimwear-womens-petite-cover-ups,Women's Petite Cover Ups,,Yes,Yes,,
womens-womens-petite-clothing-womens-petite-swimwear-womens-petite-one-piece-swimsuits,Women's Petite One Piece Swimsuits,,Yes,Yes,,
womens-womens-petite-clothing-womens-petite-swimwear-womens-petite-swimsuit-bottoms,Women's Petite Swimsuit Bottoms,,Yes,Yes,,
womens-womens-petite-clothing-womens-petite-tops-womens-petite-tank-tops-camisoles,Women's Petite Tank Tops &amp; Camisoles,,Yes,Yes,,
womens-womens-plus-clothing-womens-plus-blazers,Women's Plus Blazers,,Yes,Yes,,
womens-womens-plus-clothing-womens-plus-capris,Women's Plus Capris,,Yes,Yes,,
womens-womens-plus-clothing-womens-plus-dresses-womens-plus-holiday-dresses,Women's Plus Holiday Dresses,,Yes,Yes,,
womens-womens-plus-clothing-womens-plus-dresses-womens-plus-resort-dresses,Women's Plus Resort Dresses,,Yes,Yes,,
womens-womens-plus-clothing-womens-plus-dresses-womens-plus-wedding-dresses,Women's Plus Wedding Dresses,,Yes,Yes,,
womens-womens-plus-clothing-womens-plus-dresses-womens-plus-wedding-rehearsal-dresses,Women's Plus Wedding Rehearsal Dresses,,Yes,Yes,,
womens-womens-plus-clothing-womens-plus-dresses-womens-plus-work-dresses,Women's Plus Work Dresses,,Yes,Yes,,
womens-womens-plus-clothing-womens-plus-jumpsuits-rompers,Women's Plus Jumpsuits &amp; Rompers,,Yes,Yes,,
womens-womens-plus-clothing-womens-plus-pajamas-lounge-womens-plus-baby-dolls-chemises,Women's Plus Dolls &amp; Chemises,,Yes,Yes,,
womens-womens-plus-clothing-womens-plus-pajamas-lounge-womens-plus-nightgowns,Women's Plus Nightgowns,,Yes,Yes,,
womens-womens-plus-clothing-womens-plus-suits-sets-womens-plus-suit-sets,Women's Plus Suit Sets,,Yes,Yes,,
womens-womens-plus-clothing-womens-plus-sweaters-womens-plus-cardigans,Women's Plus Cardigans,,Yes,Yes,,
womens-womens-plus-clothing-womens-plus-sweaters-womens-plus-pullover-sweaters,Women's Plus Pullover Sweaters,,Yes,Yes,,
womens-womens-plus-clothing-womens-plus-swimwear,Women's Plus Swimwear,,Yes,Yes,,
womens-womens-plus-clothing-womens-plus-swimwear-womens-plus-one-piece-swimsuits,Women's Plus One Piece Swimsuits,,Yes,Yes,,
womens-womens-plus-clothing-womens-plus-tops,Women's Plus Tops,,Yes,Yes,,
womens-womens-plus-clothing-womens-plus-tops-womens-plus-blouses,Women's Plus Blouses,,Yes,Yes,,
womens-womens-plus-clothing-womens-plus-tops-womens-plus-t-shirts,Women's Plus T-Shirts,,Yes,Yes,,
root,,,Yes,Yes,,
beauty,Beauty,No,Yes,Yes,Yes,
beauty-bath-body-body-moisturizers-lotions,Body Moisturizers & Lotions,,Yes,Yes,,
beauty-bath-body-foot-care,Foot Care,,Yes,Yes,,
beauty-beauty-accessories-tools,Beauty Accessories &amp; Tools,,Yes,Yes,Yes,
beauty-beauty-accessories-tools-mirrors,Mirrors,,Yes,Yes,,
beauty-fragrances,Fragrances,,Yes,Yes,Yes,
beauty-fragrances-fragrance-gift-value-sets,Fragrance Gift &amp; Value Sets,,Yes,Yes,,
beauty-hair-care-shampoos-conditioners,Shampoos &amp; Conditioners,,Yes,Yes,,
beauty-makeup-eye-makeup,Eye Makeup,,Yes,Yes,,
beauty-makeup-eye-makeup-eyeliner,Eyeliner,,Yes,Yes,,
beauty-makeup-face-makeup,Face Makeup,,Yes,Yes,,
beauty-makeup-makeup-kits-palettes-gift-sets,"Makeup Kits, Palettes &amp; Gift Sets",,Yes,Yes,,
beauty-mens-grooming-mens-hair-body-care,Men's Hair &amp; Body Care,,Yes,Yes,,
beauty-mens-grooming-mens-hair-body-care-mens-body-lotion,Men's Body Lotion,,Yes,Yes,,
beauty-mens-grooming-mens-hair-body-care-mens-body-sprays-deodorant,Men's Body Sprays &amp; Deodorant,,Yes,Yes,,
beauty-mens-grooming-mens-skin-care-mens-eye,Men's Eye,,Yes,Yes,,
beauty-mens-grooming-mens-skin-care-mens-face-wash-scrubs,Men's Face Wash &amp; Scrubs,,Yes,Yes,,
beauty-mens-grooming-mens-skin-care-mens-toners,Men's Toners,,Yes,Yes,,
beauty-mens-grooming-shaving-hair-removal-aftershaves,Aftershaves,,Yes,Yes,,
beauty-mens-grooming-shaving-hair-removal-razers-shaving-tools,Razers &amp; Shaving Tools,,Yes,Yes,,
beauty-mens-grooming-shaving-hair-removal-shaving-kits-sets,Shaving Kits &amp; Sets,,Yes,Yes,,
beauty-nails,Nails,,Yes,Yes,Yes,
beauty-nails-nail-art,Nail Art,,Yes,Yes,,
beauty-nails-nail-polish,Nail Polish,,Yes,Yes,,
beauty-skin-care-cleansers,Cleansers,,Yes,Yes,,
beauty-skin-care-cleansers-toners-mists,Toners &amp; Mists,,Yes,Yes,,
beauty-skin-care-moisturizers-facial-moisturizers,Facial Moisturizers,,Yes,Yes,,
beauty-skin-care-skin-care-gift-value-sets,Skin Care Gift &amp; Value Sets,,Yes,Yes,,
beauty-skin-care-sun-care,Sun Care,,Yes,Yes,,
beauty-skin-care-treatments-serums,Treatments &amp; Serums,,Yes,Yes,,
beauty-skin-care-treatments-serums-lip-treatments-serums,Lip Treatments &amp; Serums,,Yes,Yes,,
bed-bath,Bed &amp; Bath,,Yes,Yes,Yes,
bed-bath-bath,Bath,,Yes,Yes,,
bed-bath-bath-bath-accessories-sets,Bath Accessories &amp; Sets,,Yes,Yes,,
bed-bath-bath-bath-rugs-mats,Bath Rugs &amp; Mats,,Yes,Yes,,
bed-bath-bath-bathroom-storage-organizers,Bathroom Storage &amp; Organizers,,Yes,Yes,,
bed-bath-bath-digital-scales-weight-scales,Digital Scales &amp; Weight Scales,,Yes,Yes,,
bed-bath-bath-towels,Towels,,Yes,Yes,,
bed-bath-bedding-daybed-covers,Daybed Covers,,Yes,Yes,,
bed-bath-bedding-quilts,Quilts,,Yes,Yes,,
bed-bath-bedding-basics,Bedding Basics,,Yes,Yes,,
bed-bath-bedding-basics-bedding-accessories,Bedding Accessories,,Yes,Yes,,
bed-bath-bedding-basics-sheets,Sheets,,Yes,Yes,,
for-the-home,For the Home,,Yes,Yes,Yes,
for-the-home-coffee-tea-espresso-coffee-makers,Coffee Makers,,Yes,Yes,,
for-the-home-dining,Dining,,Yes,Yes,,
for-the-home-dining-drinkware-bar-accessories,Bar Accessories,,Yes,Yes,,
for-the-home-dining-drinkware-decanters-pitchers,Decanters &amp; Pitchers,,Yes,Yes,,
for-the-home-dining-serveware-serving-trays,Serving Trays,,Yes,Yes,,
for-the-home-dining-table-linens-napkins,Napkins,,Yes,Yes,,
for-the-home-dining-table-linens-table-runners,Table Runners,,Yes,Yes,,
for-the-home-electronics-humidifiers,Humidifiers,,Yes,Yes,,
for-the-home-electronics-phones,Phones,,Yes,Yes,,
for-the-home-furniture,Furniture,,Yes,Yes,,
for-the-home-furniture-bookcases-shelves,Bookcases &amp; Shelves,,Yes,Yes,,
for-the-home-furniture-chairs,Chairs,,Yes,Yes,,
for-the-home-furniture-desks,Desks,,Yes,Yes,,
for-the-home-furniture-fireplaces,Fireplaces,,Yes,Yes,,
for-the-home-furniture-trunks-benches,Trunks &amp; Benches,,Yes,Yes,,
for-the-home-home-decor-rugs,Rugs,,Yes,Yes,,
for-the-home-home-decor-rugs-doormats,Doormats,,Yes,Yes,,
for-the-home-home-decor-wall-art,Wall Art,,Yes,Yes,,
for-the-home-kitchen-bakeware-baking-supplies-tools,Baking Supplies &amp;Tools,,Yes,Yes,,
for-the-home-kitchen-bakeware-cookie-cutters-molds,Cookie Cutters &amp; Molds,,Yes,Yes,,
for-the-home-kitchen-cutlery-knives,Knives,,Yes,Yes,,
for-the-home-kitchen-kitchen-appliances-blenders,Blenders,,Yes,Yes,,
for-the-home-kitchen-kitchen-appliances-coffee-makers,Coffee Makers,,Yes,Yes,,
for-the-home-kitchen-kitchen-appliances-deep-fryers,Deep Fryers,,Yes,Yes,,
for-the-home-kitchen-kitchen-appliances-food-processors,Food Processors,,Yes,Yes,,
for-the-home-kitchen-kitchen-appliances-ice-cream-yogurt-makers,Ice Cream &amp; Yogurt Makers,,Yes,Yes,,
for-the-home-kitchen-kitchen-appliances-microwaves,Microwaves,,Yes,Yes,,
for-the-home-kitchen-kitchen-appliances-specialty-appliances,Specialty Appliances,,Yes,Yes,,
for-the-home-kitchen-kitchen-appliances-stand-mixers,Stand Mixers,,Yes,Yes,,
for-the-home-kitchen-kitchen-appliances-waffle-sandwich-makers,Waffle &amp; Sandwich Makers,,Yes,Yes,,
for-the-home-kitchen-kitchen-gadgets,Kitchen Gadgets,,Yes,Yes,,
for-the-home-kitchen-kitchen-gadgets-measuring-cups-spoons,Measuring Cups &amp; Spoons,,Yes,Yes,,
for-the-home-kitchen-kitchen-gadgets-mixing-bowls,Mixing Bowls,,Yes,Yes,,
for-the-home-kitchen-kitchen-linens-rugs-kitchen-rugs,Kitchen Rugs,,Yes,Yes,,
for-the-home-kitchen-kitchen-storage-organization-drawer-organizers,Drawer Organizers,,Yes,Yes,,
for-the-home-kitchen-kitchen-storage-organization-lazy-susans,Lazy Susans,,Yes,Yes,,
for-the-home-kitchen-kitchen-storage-organization-sink-organizers,Sink Organizers,,Yes,Yes,,
for-the-home-kitchen-kitchen-storage-organization-utensil-organizers,Utensil Organizers,,Yes,Yes,,
for-the-home-organization-cleaning-home-organization,Home Organization,,Yes,Yes,,
for-the-home-personal-care-specialty-care,Specialty Care,,Yes,Yes,,
for-the-home-travel,Travel,,Yes,Yes,,
for-the-home-travel-luggage,Luggage,,Yes,Yes,,
for-the-home-travel-messenger-bags,Messenger Bags,,Yes,Yes,,
for-the-home-window-treatments,Window Treatments,,Yes,Yes,,
for-the-home-window-treatments-curtains-drapes,Curtains &amp; Drapes,,Yes,Yes,,
for-the-home-window-treatments-valances,Valances,,Yes,Yes,,
handbags-accessories,Handbags &amp; Accessories,,Yes,Yes,Yes,
handbags-accessories-womens-accessories-womens-pantyhose-tights,Women's Pantyhose &amp; Tights,,Yes,Yes,,
handbags-accessories-womens-accessories-womens-scarves-wraps,Women's Scarves &amp; Wraps,,Yes,Yes,,
handbags-accessories-womens-accessories-womens-sunglasses-eyewear,Women's Sunglasses &amp; Eyewear,,Yes,Yes,,
handbags-accessories-womens-accessories-womens-sunglasses-eyewear-womens-sunglasses,Women's Sunglasses,,Yes,Yes,,
handbags-accessories-womens-accessories-womens-belts,Women's Belts,,Yes,Yes,,
handbags-accessories-womens-purses-handbags,Women's Purses &amp; Handbags,,Yes,Yes,,
handbags-accessories-womens-purses-handbags-crossbody-bags,Crossbody Bags,,Yes,Yes,,
handbags-accessories-womens-stationary-gifts,Women's Stationary &amp; Gifts,,Yes,Yes,,
handbags-accessories-womens-winter-accessories-capes-ponchos,Capes &amp; Ponchos,,Yes,Yes,,
handbags-accessories-womens-winter-accessories-womens-winter-scarves,Women's Winter Scarves,,Yes,Yes,,
jewelry-childrens-jewelry-childrens-earrings,Children's Earrings,,Yes,Yes,,
jewelry-fashion-jewelry-charms-beads,Charms &amp; Beads,,Yes,Yes,,
jewelry-fashion-jewelry-fashion-rings,Fashion Rings,,Yes,Yes,,
jewelry-fine-jewelry,Fine Jewelry,,Yes,Yes,,
jewelry-fine-jewelry-bracelets,Bracelets,,Yes,Yes,,
jewelry-fine-jewelry-fine-jewelry-sets,Fine Jewelry Sets,,Yes,Yes,,
jewelry-jewelry-care,Jewelry Care,,Yes,Yes,,
jewelry-womens-watches,Women's Watches,,Yes,Yes,,
juniors,Juniors,,Yes,Yes,Yes,
juniors-juniors-clothing,Juniors' Clothing,,Yes,Yes,,
juniors-juniors-clothing-juniors-activewear,Juniors' Activewear,,Yes,Yes,,
juniors-juniors-clothing-juniors-bras-panties-juniors-bras,Juniors' Bras,,Yes,Yes,,
juniors-juniors-clothing-juniors-bras-panties-juniors-panties,Juniors' Panties,,Yes,Yes,,
juniors-juniors-clothing-juniors-capris,Juniors' Capris,,Yes,Yes,,
juniors-juniors-clothing-juniors-dresses,Juniors' Dresses,,Yes,Yes,,
juniors-juniors-clothing-juniors-dresses-juniors-bridesmaid-dresses,Juniors' Bridesmaid Dresses,,Yes,Yes,,
juniors-juniors-clothing-juniors-dresses-juniors-formal-dresses,Juniors' Formal Gowns,,Yes,Yes,,
juniors-juniors-clothing-juniors-dresses-juniors-wedding-dresses,Juniors' Wedding Dresses,,Yes,Yes,,
juniors-juniors-clothing-juniors-dresses-juniors-wedding-rehearsal-dresses,Juniors' Wedding Rehearsal Dresses,,Yes,Yes,,
juniors-juniors-clothing-juniors-pajamas-lounge,Juniors' Pajamas &amp; Lounge,,Yes,Yes,,
juniors-juniors-clothing-juniors-pajamas-lounge-juniors-pajama-sets,Juniors' Pajama Sets,,Yes,Yes,,
juniors-juniors-clothing-juniors-pajamas-lounge-juniors-robes,Juniors' Robes,,Yes,Yes,,
juniors-juniors-clothing-juniors-shorts,Juniors' Shorts,,Yes,Yes,,
juniors-juniors-clothing-juniors-tops,Juniors' Tops,,Yes,Yes,,
juniors-juniors-plus-clothing,Juniors Plus Clothing,,Yes,Yes,,
juniors-juniors-plus-clothing-juniors-plus-blazers-jackets,Juniors' Plus Blazers &amp; Jackets,,Yes,Yes,,
juniors-juniors-plus-clothing-juniors-plus-dresses,Juniors' Plus Dresses,,Yes,Yes,,
juniors-juniors-plus-clothing-juniors-plus-dresses-juniors-plus-casual-dresses,,,Yes,Yes,,
juniors-juniors-plus-clothing-juniors-plus-dresses-juniors-plus-cocktail-evening-dresses,,,Yes,Yes,,
juniors-juniors-plus-clothing-juniors-plus-dresses-juniors-plus-dress-separates,,,Yes,Yes,,
juniors-juniors-plus-clothing-juniors-plus-dresses-juniors-plus-formal-gowns,,,Yes,Yes,,
juniors-juniors-plus-clothing-juniors-plus-dresses-juniors-plus-holiday-dresses,,,Yes,Yes,,
juniors-juniors-plus-clothing-juniors-plus-dresses-juniors-plus-homecoming-prom-dresses,,,Yes,Yes,,
juniors-juniors-plus-clothing-juniors-plus-dresses-juniors-plus-wedding-dresses,,,Yes,Yes,,
juniors-juniors-plus-clothing-juniors-plus-dresses-juniors-plus-work-dresses,,,Yes,Yes,,
juniors-juniors-plus-clothing-juniors-plus-graphic-t-shirts,Juniors' Plus Graphic T-Shirts,,Yes,Yes,,
juniors-juniors-plus-clothing-juniors-plus-pajamas-lounge-juniors-plus-chemises,Juniors' Plus Chemises,,Yes,Yes,,
juniors-juniors-plus-clothing-juniors-plus-pajamas-lounge-juniors-plus-pajama-lounge-tops,Juniors' Plus Pajama &amp; Lounge Tops,,Yes,Yes,,
juniors-juniors-plus-clothing-juniors-plus-pajamas-lounge-juniors-plus-pajama-sets,Juniors' Plus Pajama Sets,,Yes,Yes,,
juniors-juniors-plus-clothing-juniors-plus-pajamas-lounge-juniors-plus-robes,Juniors' Plus Robes,,Yes,Yes,,
juniors-juniors-plus-clothing-juniors-plus-pants,Juniors' Plus Pants,,Yes,Yes,,
juniors-juniors-plus-clothing-juniors-plus-school-uniforms,Juniors' Plus School Uniforms,,Yes,Yes,,
juniors-juniors-plus-clothing-juniors-plus-shorts,Juniors' Plus Shorts,,Yes,Yes,,
kids-baby-baby-clothing-baby-activewear,Baby Activewear,,Yes,Yes,,
kids-baby-baby-clothing-baby-fan-gear,Baby Fan Gear,,Yes,Yes,,
kids-baby-baby-clothing-baby-one-pieces,Baby One - Pieces,,Yes,Yes,,
kids-baby-baby-clothing-baby-outfits-sets,Baby Outfits &amp; Sets,,Yes,Yes,,
kids-baby-baby-clothing-baby-pajamas,Baby Pajamas,,Yes,Yes,,
kids-baby-baby-clothing-baby-pants,Baby Pants,,Yes,Yes,,
kids-baby-baby-clothing-baby-shirts-tops,Baby Shirts &amp; Tops,,Yes,Yes,,
kids-baby-baby-clothing-baby-shorts,Baby Shorts,,Yes,Yes,,
kids-baby-baby-clothing-baby-swimwear,Baby Swimwear,,Yes,Yes,,
kids-baby-baby-essentials,Baby Essentials,,Yes,Yes,,
kids-baby-baby-essentials-baby-bath-accessories,Baby Bath Accessories,,Yes,Yes,,
kids-baby-baby-essentials-baby-shoes,Baby Shoes,,Yes,Yes,,
kids-baby-baby-essentials-baby-toys,Baby Toys,,Yes,Yes,,
kids-baby-boys-clothing-boys-activewear,Boys' Activewear,,Yes,Yes,,
kids-baby-boys-clothing-boys-jackets-coats,Boys' Jackets &amp; Coats,,Yes,Yes,,
kids-baby-boys-clothing-boys-pajamas,Boys' Pajamas,,Yes,Yes,,
kids-baby-boys-clothing-boys-school-uniforms,Boys' School Uniforms,,Yes,Yes,,
kids-baby-boys-clothing-boys-sets-outfits,Boys' Sets &amp; Outfits,,Yes,Yes,,
kids-baby-boys-clothing-boys-suits-dresswear,Boys' Suits &amp; Dresswear,,Yes,Yes,,
kids-baby-girls-clothing-girls-accessories,Girls' Accessories,,Yes,Yes,,
kids-baby-girls-clothing-girls-activewear,Girls' Activewear,,Yes,Yes,,
kids-baby-girls-clothing-girls-jeans,Girls' Jeans,,Yes,Yes,,
kids-baby-girls-clothing-girls-jumpsuits-rompers,Girls' Jumpsuits &amp; Rompers,,Yes,Yes,,
kids-baby-girls-clothing-girls-school-uniforms,Girls' School Uniforms,,Yes,Yes,,
kids-baby-kids-toys-games-action-figures-superhero-toys,Action Figures &amp; Superhero Toys,,Yes,Yes,,
kids-baby-kids-toys-games-arts-crafts,Arts &amp; Crafts,,Yes,Yes,,
kids-baby-kids-toys-games-games-puzzles,Games &amp; Puzzles,,Yes,Yes,,
kids-baby-kids-toys-games-outdoor-toys,Outdoor Toys,,Yes,Yes,,
kids-baby-nursery-decor,Nursery &amp; D&eacute;cor,,Yes,Yes,,
kids-baby-nursery-decor-baby-bedding-crib-bumpers,Crib Bumpers,,Yes,Yes,,
kids-baby-nursery-decor-baby-bedding-crib-rail-covers,Crib Rail Covers,,Yes,Yes,,
kids-baby-nursery-decor-baby-bedding-crib-sheets,Crib Sheets,,Yes,Yes,,
mens,Mens,,Yes,Yes,Yes,
mens-mens-accessories-belts-suspenders,Belts &amp; Suspenders,,Yes,Yes,,
mens-mens-accessories-belts-suspenders-belt-suspender-sets,Belt &amp; Suspender Sets,,Yes,Yes,,
mens-mens-accessories-mens-hats,Men's Hats,,Yes,Yes,,
mens-mens-accessories-mens-scarves,Men's Scarves,,Yes,Yes,,
mens-mens-accessories-mens-sun-glasses,Men's Sun Glasses,,Yes,Yes,,
mens-mens-accessories-mens-ties-pocket-squares,Men's Ties &amp; Pocket Squares,,Yes,Yes,,
mens-mens-accessories-mens-ties-pocket-squares-mens-pocket-squares-handkerchiefs,Men's Pocket Squares &amp; Handkerchiefs,,Yes,Yes,,
mens-mens-big-tall-clothing-mens-big-tall-jackets-coats,Men's Big &amp; Tall Jackets &amp; Coats,,Yes,Yes,,
mens-mens-big-tall-clothing-mens-big-tall-jeans-mens-big-tall-classic-regular-fit-jeans,Men's Big &amp; Tall Classic &amp; Regular Fit Jeans,,Yes,Yes,,
mens-mens-big-tall-clothing-mens-big-tall-jeans-mens-big-tall-loose-fit-jeans,Men's Big &amp; Tall Loose Fit Jeans,,Yes,Yes,,
mens-mens-big-tall-clothing-mens-big-tall-jeans-mens-big-tall-straight-fit-jeans,Men's Big &amp; Tall Straight Fit Jeans,,Yes,Yes,,
mens-mens-big-tall-clothing-mens-big-tall-pajamas-mens-big-tall-pajama-lounge-pants,Men's Big &amp; Tall Pajama &amp; Lounge Pants,,Yes,Yes,,
mens-mens-big-tall-clothing-mens-big-tall-pajamas-mens-big-tall-pajama-lounge-sets,Men's Big &amp; Tall Pajama &amp; Lounge Sets,,Yes,Yes,,
mens-mens-big-tall-clothing-mens-big-tall-pajamas-mens-big-tall-robes,Men's Big &amp; Tall Robes,,Yes,Yes,,
mens-mens-big-tall-clothing-mens-big-tall-pants-mens-big-tall-cargo-pants,Men's Big &amp; Tall Cargo Pants,,Yes,Yes,,
mens-mens-big-tall-clothing-mens-big-tall-shirts-mens-big-tall-casual-shirts,Men's Big &amp; Tall Casual Shirts,,Yes,Yes,,
mens-mens-big-tall-clothing-mens-big-tall-shirts-mens-big-tall-dress-shirts,Men's Big &amp; Tall Dress Shirts,,Yes,Yes,,
mens-mens-big-tall-clothing-mens-big-tall-shorts,Men's Big &amp; Tall Shorts,,Yes,Yes,,
mens-mens-big-tall-clothing-mens-big-tall-socks,Men's Big &amp; Tall Socks,,Yes,Yes,,
mens-mens-big-tall-clothing-mens-big-tall-suits-sport-coats-mens-big-tall-blazers-sportcoats,Men's Big &amp; Tall Blazers &amp; Sportcoats,,Yes,Yes,,
mens-mens-big-tall-clothing-mens-big-tall-suits-sport-coats-mens-big-tall-suit-coats,Men's Big &amp; Tall Suit Coats,,Yes,Yes,,
mens-mens-big-tall-clothing-mens-big-tall-suits-sport-coats-mens-big-tall-suit-pants,Men's Big &amp; Tall Suit Pants,,Yes,Yes,,
mens-mens-big-tall-clothing-mens-big-tall-underwear,Men's Big &amp; Tall Underwear,,Yes,Yes,,
mens-mens-clothing-mens-active-outdoor,Men's Active &amp; Outdoor,,Yes,Yes,,
mens-mens-clothing-mens-jeans-mens-classic-regular-fit-jeans,Men's Classic &amp; Regular Fit Jeans,,Yes,Yes,,
mens-mens-clothing-mens-jeans-mens-loose-fit-jeans,Men's Loose Fit Jeans,,Yes,Yes,,
mens-mens-clothing-mens-jeans-mens-relaxed-fit-jeans,Men's Relaxed Fit Jeans,,Yes,Yes,,
mens-mens-clothing-mens-jeans-mens-slim-fit-jeans,Men's Slim Fit Jeans,,Yes,Yes,,
mens-mens-clothing-mens-pajamas,Men's Pajamas,,Yes,Yes,,
mens-mens-clothing-mens-pajamas-mens-pajama-lounge-pants,Men's Pajama &amp; Lounge Pants,,Yes,Yes,,
mens-mens-clothing-mens-pajamas-mens-pajama-lounge-sets,Men's Pajama &amp; Lounge Sets,,Yes,Yes,,
mens-mens-clothing-mens-pajamas-mens-robes,Men's Robes,,Yes,Yes,,
mens-mens-clothing-mens-shirts,Men's Shirts,,Yes,Yes,,
mens-mens-clothing-mens-shirts-mens-casual-shirts,Men's Casual Shirts,,Yes,Yes,,
mens-mens-clothing-mens-shirts-mens-t-shirts,Men's T-Shirts,,Yes,Yes,,
mens-mens-clothing-mens-suits-sport-coats-mens-blazers-sportcoats,Men's Blazers &amp; Sportcoats,,Yes,Yes,,
mens-mens-clothing-mens-underwear-mens-boxer-briefs,Men's Boxer Briefs,,Yes,Yes,,
mens-mens-clothing-mens-underwear-mens-boxers,Men's Boxers,,Yes,Yes,,
mens-mens-clothing-mens-underwear-mens-briefs,Men's Briefs,,Yes,Yes,,
mens-mens-clothing-mens-underwear-mens-undershirts,Men's Undershirts,,Yes,Yes,,
mens-young-mens-clothing,Youn Men's Clothing,,Yes,Yes,,
mens-young-mens-clothing-young-mens-active-outdoor,Young Men's Active &amp; Outdoor,,Yes,Yes,,
mens-young-mens-clothing-young-mens-jeans-young-mens-loose-fit-jeans,Young Men's Loose Fit Jeans,,Yes,Yes,,
mens-young-mens-clothing-young-mens-jeans-young-mens-relaxed-fit-jeans,Young Men's Relaxed Fit Jeans,,Yes,Yes,,
mens-young-mens-clothing-young-mens-jeans-young-mens-slim-fit-jeans,Young Men's Slim Fit Jeans,,Yes,Yes,,
mens-young-mens-clothing-young-mens-jeans-young-mens-straight-fit-jeans,Young Men's Straight Fit Jeans,,Yes,Yes,,
mens-young-mens-clothing-young-mens-pajamas,Young Men's Pajamas,,Yes,Yes,,
mens-young-mens-clothing-young-mens-pants-young-mens-pleated-pants,Young Men's Pleated Pants,,Yes,Yes,,
mens-young-mens-clothing-young-mens-shorts,Young Men's Shorts,,Yes,Yes,,
shoes,Shoes,,Yes,Yes,Yes,
shoes-kids-shoes-boys-shoes,Boys' Shoes,,Yes,Yes,,
shoes-mens-shoes-mens-loafers,Men's Loafers,,Yes,Yes,,
shoes-mens-shoes-mens-oxfords,Men's Oxfords,,Yes,Yes,,
shoes-mens-shoes-mens-sandals,Men's Sandals,,Yes,Yes,,
shoes-mens-shoes-mens-slippers,Men's Slippers,,Yes,Yes,,
shoes-womens-shoes-womens-boots,Women's Boots,,Yes,Yes,,
shoes-womens-shoes-womens-boots-womens-cowboy-boots,Women's Cowboy Boots,,Yes,Yes,,
shoes-womens-shoes-womens-boots-womens-hiking-boots,Women's Hiking Boots,,Yes,Yes,,
shoes-womens-shoes-womens-boots-womens-riding-boots,Women's Riding Boots,,Yes,Yes,,
shoes-womens-shoes-womens-sandals,Women's Sandals,,Yes,Yes,,
shoes-womens-shoes-womens-slippers,Women's Slippers,,Yes,Yes,,
womens-womens-clothing-womens-blazers,Women's Blazers,,Yes,Yes,,
womens-womens-clothing-womens-dresses,Women's Dresses,,Yes,Yes,,
womens-womens-clothing-womens-dresses-womens-casual-dresses,Women's Casual Dresses,,Yes,Yes,,
womens-womens-clothing-womens-dresses-womens-cocktail-evening-dresses,Women's Cocktail &amp; Evening Dresses,,Yes,Yes,,
womens-womens-clothing-womens-dresses-womens-wedding-dresses,Women's Wedding Dresses,,Yes,Yes,,
womens-womens-clothing-womens-dresses-womens-wedding-rehearsal-dresses,Women's Wedding Rehearsal Dresses,,Yes,Yes,,
womens-womens-clothing-womens-jumpsuits-rompers,Women's Jumpsuits &amp; Rompers,,Yes,Yes,,
womens-womens-clothing-womens-leggings,Women's Leggings,,Yes,Yes,,
womens-womens-clothing-womens-skirts,Women's Skirts,,Yes,Yes,,
womens-womens-clothing-womens-suits-sets,Women's Suits &amp; Sets,,Yes,Yes,,
womens-womens-clothing-womens-suits-sets-womens-suit-dresses,Women's Suit Dresses,,Yes,Yes,,
womens-womens-clothing-womens-suits-sets-womens-suit-jackets,Women's Suit Jackets,,Yes,Yes,,
womens-womens-clothing-womens-suits-sets-womens-suit-sets,Women's Suit Sets,,Yes,Yes,,
womens-womens-clothing-womens-suits-sets-womens-suit-skirts,Women's Suit Skirts,,Yes,Yes,,
womens-womens-clothing-womens-sweaters,Women's Sweaters,,Yes,Yes,,
womens-womens-clothing-womens-swimwear-womens-cover-ups,Women's Cover Ups,,Yes,Yes,,
womens-womens-clothing-womens-swimwear-womens-swimsuit-tops,Women's Swimsuit Tops,,Yes,Yes,,
womens-womens-petite-clothing-womens-petite-activewear,Women's Petite Activewear,,Yes,Yes,,
womens-womens-petite-clothing-womens-petite-dresses,Women's Petite Dresses,,Yes,Yes,,
womens-womens-petite-clothing-womens-petite-dresses-womens-petite-dress-separates,Women's Petite Dress Separates,,Yes,Yes,,
womens-womens-petite-clothing-womens-petite-dresses-womens-petite-holiday-dresses,Women's Petite Holiday Dresses,,Yes,Yes,,
womens-womens-petite-clothing-womens-petite-dresses-womens-petite-homecoming-prom-dresses,Women's Petite Homecoming &amp; Prom Dresses,,Yes,Yes,,
womens-womens-petite-clothing-womens-petite-jeans,Women's Petite Jeans,,Yes,Yes,,
womens-womens-petite-clothing-womens-petite-leggings,Women's Petite Leggings,,Yes,Yes,,
womens-womens-petite-clothing-womens-petite-pajamas-lounge,Women's Petite Pajamas &amp; Lounge,,Yes,Yes,,
womens-womens-petite-clothing-womens-petite-pajamas-lounge-womens-petite-nightgowns,Women's Petite Nightgowns,,Yes,Yes,,
womens-womens-petite-clothing-womens-petite-pajamas-lounge-womens-petite-pajama-lounge-tops,Women's Petite Pajama &amp; Lounge Tops,,Yes,Yes,,
womens-womens-petite-clothing-womens-petite-shorts,Women's Petite Shorts,,Yes,Yes,,
womens-womens-petite-clothing-womens-petite-skirts,Women's Petite Skirts,,Yes,Yes,,
womens-womens-petite-clothing-womens-petite-suits-sets,Women's Petite Suits &amp; Sets,,Yes,Yes,,
womens-womens-petite-clothing-womens-petite-suits-sets-womens-petite-suit-dresses,Women's Petite Suit Dresses,,Yes,Yes,,
womens-womens-petite-clothing-womens-petite-suits-sets-womens-petite-suit-skirts,Women's Petite Suit Skirts,,Yes,Yes,,
womens-womens-petite-clothing-womens-petite-sweaters,Women's Petite Sweaters,,Yes,Yes,,
womens-womens-petite-clothing-womens-petite-swimwear-womens-petite-swimsuit-tops,Women's Petite Swimsuit Tops,,Yes,Yes,,
womens-womens-petite-clothing-womens-petite-tops,Women's Petite Tops,,Yes,Yes,,
womens-womens-petite-clothing-womens-petite-tops-womens-petite-blouses,Women's Petite Blouses,,Yes,Yes,,
womens-womens-petite-clothing-womens-petite-tops-womens-petite-button-down-collared-tops,Women's Petite Button Down &amp; Collared Tops,,Yes,Yes,,
womens-womens-petite-clothing-womens-petite-tops-womens-petite-kimonos-dusters,Women's Petite Kimonos &amp; Dusters,,Yes,Yes,,
womens-womens-petite-clothing-womens-petite-tops-womens-petite-pullovers,Women's Petite Pullovers,,Yes,Yes,,
womens-womens-petite-clothing-womens-petite-tops-womens-petite-t-shirts,Women's Petite T-Shirts,,Yes,Yes,,
womens-womens-petite-clothing-womens-petite-tops-womens-petite-tunics,Women's Petite Tunics,,Yes,Yes,,
womens-womens-plus-clothing-womens-plus-coats-jackets,Women's Plus Coats &amp; Jackets,,Yes,Yes,,
womens-womens-plus-clothing-womens-plus-dresses-womens-plus-bridesmaid-dresses,Women's Plus Bridesmaid Dresses,,Yes,Yes,,
womens-womens-plus-clothing-womens-plus-dresses-womens-plus-cocktail-evening-dresses,Women's Plus Cocktail &amp; Evening Dresses,,Yes,Yes,,
womens-womens-plus-clothing-womens-plus-dresses-womens-plus-dress-separates,Women's Plus Dress Separates,,Yes,Yes,,
womens-womens-plus-clothing-womens-plus-dresses-womens-plus-formal-gowns,Women's Plus Formal Gowns,,Yes,Yes,,
womens-womens-plus-clothing-womens-plus-dresses-womens-plus-homecoming-prom-dresses,Women's Plus Homecoming &amp; Prom Dresses,,Yes,Yes,,
womens-womens-plus-clothing-womens-plus-jeans,Women's Plus Jeans,,Yes,Yes,,
womens-womens-plus-clothing-womens-plus-pajamas-lounge,Women's Plus Pajamas &amp; Lounge,,Yes,Yes,,
womens-womens-plus-clothing-womens-plus-pajamas-lounge-womens-plus-pajama-lounge-pants,Women's Plus Pajama &amp; Lounge Pants,,Yes,Yes,,
womens-womens-plus-clothing-womens-plus-pajamas-lounge-womens-plus-pajama-lounge-tops,Women's Plus Pajama &amp; Lounge Tops,,Yes,Yes,,
womens-womens-plus-clothing-womens-plus-pajamas-lounge-womens-plus-robes,Women's Plus Robes,,Yes,Yes,,
womens-womens-plus-clothing-womens-plus-pants,Women's Plus Pants,,Yes,Yes,,
womens-womens-plus-clothing-womens-plus-suits-sets-womens-plus-suit-jackets,Women's Plus Suit Jackets,,Yes,Yes,,
womens-womens-plus-clothing-womens-plus-suits-sets-womens-plus-suit-skirts,Women's Plus Suit Skirts,,Yes,Yes,,
womens-womens-plus-clothing-womens-plus-sweaters,Women's Plus Sweaters,,Yes,Yes,,
womens-womens-plus-clothing-womens-plus-sweaters-womens-plus-sweater-vests,Women's Plus Sweater Vests,,Yes,Yes,,
womens-womens-plus-clothing-womens-plus-tops-womens-plus-kimonos-dusters,Women's Plus Kimonos &amp; Dusters,,Yes,Yes,,
